2021 Global Rank Forbes 2000,Company Name,Industry,Country/Territory ,Scope 1 GHG emissions tons CO₂e,Scope 2 emissions  tons CO₂e,Scope 3 emissions  tons CO₂e,Scope 1 GHG emissions tons CO₂e,Scope 2 emissions  tons CO₂e (location based when available),Scope 1+2,Scope 3 emissions  tons CO₂e,Scope 1-3 emissions,Profit per ton in Scope 1+2,Profit per ton in Scope 1+2+3,Share of profit if carbon price for Scope 1-2 is 100 USD,Share of profit if carbon price X for Scope 3,Combined share of profits,Share of Revenue (Sales) Scope 1+2 if carbon price 100 USD,Share of Revenue (sales) Scope 1+2+3 if carbon price 100 USD,CO2 intensity gram CO2/USD. (Scope 1-3/Revenue),1% of profit means,"Datasource emission data (name, link + page nr)", Sales/Revenue,Profit
1,ICBC         ,Banking,China,N/A,N/A,N/A,N/A,N/A,,N/A,,,,#VALUE!,#VALUE!,,,#VALUE!,,,http://v.icbc.com.cn/userfiles/Resources/ICBCLTD/download/2021/2020shzrEN202103.pdf,$190 500 000 000,$45 770 000 000
2,JPMorgan Chase        ,Diversified Financials,United States,81 655 ,692 299,181 004,69 570,660 601,730 171,36 169,766 340,$55 288,$52 679,#REF!,#REF!,#REF!,#REF!,#REF!,6,$527,"2020 Environmental Social & Governance Report, page 32 https://www.jpmorganchase.com/content/dam/jpmc/jpmorgan-chase-and-co/documents/jpmc-esg-report-2020.pdf",$136 200 000 000,$40 370 000 000
3,Berkshire Hathaway        ,Diversified Financials,United States,N/A,N/A,N/A,N/A,N/A,,N/A,,,,#VALUE!,#VALUE!,,,#VALUE!,,,https://www.brkenergy.com/assets/pdf/sustainability-berkshire-hathaway-energy.pdf,$245 500 000 000,$42 520 000 000
4,China Construction Bank       ,Banking,China,17 936 ,254 092,--,18 615,332 461,351 076,--,,$111 942,,#REF!,#VALUE!,,#REF!,#VALUE!,,,"Social and Governance Reporting Guide, page 36 http://www.ccb.com/en/newinvestor/upload/20210327_1616775640/20210327001724508034.pdf",$173 500 000 000,$39 300 000 000
5,Saudi Arabian Oil Company (Saudi Aramco)    ,Oil & Gas Operations,Saudi Arabia,52 000 000 ,19 000 000,1 600 000 000,49 100 000,17 900 000,67 000 000,--,,$736,,#REF!,#VALUE!,,#REF!,#VALUE!,,,"saudi-aramco-ara-2020, page 78, https://www.aramco.com/-/media/publications/corporate-reports/saudi-aramco-ara-2020-english.pdf ;  Source link for 2019 scope 3 emissions https://www.clientearth.org/projects/the-greenwashing-files/aramco/#:~:text=In%202019%2C%20Aramco's%20Scope%203,equivalent%20%E2%80%93%20over%2012%2C000%20times%20more.",$229 700 000 000,$49 280 000 000
6,Apple         ,Technology Hardware & Equipment,United States,52 730 ,0,24 980 000,47 430,0,47 430,22 550 000,22 597 430,$1 347 881,$2 829,#REF!,#REF!,#REF!,#REF!,#REF!,77,$28,"Environmental Progress Report - Apple, page 67 https://www.apple.com/environment/pdf/Apple_Environmental_Progress_Report_2021.pdf",$294 000 000 000,$63 930 000 000
6,Bank of America       ,Banking,United States,62 639 ,746 294,4 867 841,53 390,657 635,711 025,3 291 394,4 002 419,$25 161,$4 470,#REF!,#REF!,#REF!,#REF!,#REF!,41,$45,"2019 Environmental, Social & Governance Performance Data Summary, page 11 file:///C:/Users/muham/Downloads/ESGData2019_R26_Final.pdf ; 2020 Independent Reasonable and Limited Assurance Statement, page 5 https://about.bankofamerica.com/content/dam/about/pdfs/2020_Assurance_Statement_ISAE_3000_Final.pdf",$98 800 000 000,$17 890 000 000
6,Ping An Insurance Group      ,Insurance,China,7 156 ,720 605,69 490 000,2 114,478 287,480 401,49 897,530 298,$43 193,$39 129,#REF!,#REF!,#REF!,#REF!,#REF!,3,$391,"Ping-An-2020-Sustainability-Report, Page 111 https://group.pingan.com/resource/pingan/ESG/Report/Ping-An-2020-Sustainability-Report.pdf ; Ping An 2019 Sustainability Report, page 44 http://www.pingan.com/app_upload/images/info/upload/2a9a2d56-88f3-451f-af2e-e3e6c19d2483.pdf?_ga=2.186661162.307943061.1646826890-1708395438.1646826890",$169 100 000 000,$20 750 000 000
9,Agricultural Bank of China      ,Banking,China,N/A,N/A,N/A,N/A,N/A,,N/A,,,,#VALUE!,#VALUE!,,,#VALUE!,,,https://www.abchina.com/en/AboutUs/csr-report/202003/P020200402552823524561.pdf ; https://www.abchina.com/en/AboutUs/csr-report/202103/P020210330724856060672.pdf,$153 900 000 000,$31 300 000 000
10,Amazon         ,Retailing,United States,5 760 000 ,5 500 000,39 910 000,9 620 000,5 270 000,14 890 000,45 750 000,60 640 000,$1 433,$352,#REF!,#REF!,#REF!,#REF!,#REF!,157,$4,"Amazon's 2020 Sustainability Report, page 111 https://sustainability.aboutamazon.com/amazon-sustainability-2020-report.pdf",$386 100 000 000,$21 330 000 000
11,Samsung Electronics,"Semiconductors, Electronics, Electrical Engineering, Technology Hardware & Equipment",South Korea,5 067 000 ,8 733 000,16 607 000,5 726 000,9 079 000,14 805 000,14 726 000,29 531 000,$1 493,$749,#REF!,#REF!,#REF!,#REF!,#REF!,147,$7,"Samsung 2021 Sustainability report, page 81 https://images.samsung.com/is/content/samsung/assets/global/our-values/resource/2021_Sustainability_Report.pdf",$200 700 000 000,$22 110 000 000
12,Toyota Motor        ,Consumer Durables,Japan,1 900 000 ,3 780 000,397 940 000,N/A,N/A,N/A,N/A,N/A,N/A,N/A,#VALUE!,#VALUE!,,#VALUE!,#VALUE!,,,"Environmental Report 2020, page 37,38 https://global.toyota/pages/global_toyota/sustainability/report/er/er20_en.pdf",$249 400 000 000,$14 340 000 000
13,Alphabet         ,IT Software & Services,United States,66 686 ,5 911 216,11 669 000,38 694,5 865 000,5 903 694,9 376 000,15 279 694,$6 821,$2 636,#REF!,#REF!,#REF!,#REF!,#REF!,84,$26,"2021 Environmental Report, page 11 https://www.gstatic.com/gumdrop/sustainability/google-2021-environmental-report.pdf",$182 400 000 000,$40 270 000 000
14,Bank of China       ,Banking,China,350 ,65 083,39 000,282,63 394,63 676,-,,$438 941,,#REF!,#VALUE!,,#REF!,#VALUE!,0,,"Sustainability Report 2020, page 88 https://www.bochk.com/dam/bochk/desktop/top/aboutus/esg/report/SustainabilityReport2020_en.pdf",$134 000 000 000,$27 950 000 000
15,Microsoft         ,IT Software & Services,United States,117 956 ,3 832 938,12 007 357,118 100,4 102 000,4 220 100,10 817 706,15 037 806,$12 158,$3 412,#REF!,#REF!,#REF!,#REF!,#REF!,98,$34,"2020 Environmental Sustainability Report, page 73 https://query.prod.cms.rt.microsoft.com/cms/api/am/binary/RWyG1q",$153 300 000 000,$51 310 000 000
16,Citigroup         ,Diversified Financials,United States,23 095 ,56 878,126 229,21 236,505 224,526 460,21 829,548 289,$32 424,$31 133,#REF!,#REF!,#REF!,#REF!,#REF!,6,$311,"Global ESG Report, page 57 and 58 https://www.citigroup.com/citi/about/esg/download/2020/Global-ESG-Report-2020.pdf?ieNocache=158",$84 400 000 000,$17 070 000 000
17,Volkswagen Group        ,Consumer Durables,Germany,4 400 000 ,3 360 000,447 000 000,4 340 000,2 800 000,7 140 000,368 000 000,375 140 000,$1 331,$25,#REF!,#REF!,#REF!,#REF!,#REF!,1 476,$0,"Nonfinancial_Report_2020, page 89 https://www.volkswagenag.com/presence/nachhaltigkeit/documents/sustainability-report/2020/Nonfinancial_Report_2020_e.pdf",$254 100 000 000,$9 500 000 000
18,Walmart         ,Retailing,United States,6 520 000 ,12 160 000,--,7 250 000,8 680 000,15 930 000,--,,$848,,#REF!,#VALUE!,,#REF!,#VALUE!,,,https://corporate.walmart.com/esgreport/esg-issues/climate-change,$559 200 000 000,$13 510 000 000
19,Wells Fargo        ,Banking,United States,91 993 ,771 327,3 610 451,82 403,694 011,776 414,2 467 847,3 244 261,$9 518,$2 278,#REF!,#REF!,#REF!,#REF!,#REF!,38,$23,"Goals and Reporting, page 33 https://www08.wellsfargomedia.com/assets/pdf/about/corporate-responsibility/goals-performance-data.pdf",$85 900 000 000,$7 390 000 000
20,Verizon Communications        ,Telecommunications Services,United States,358 753 ,4 006 874,95 971,--,--,--,--,,#VALUE!,#VALUE!,#VALUE!,#VALUE!,,#VALUE!,#VALUE!,,,"2020 ESG Report, page 42 https://www.verizon.com/about/sites/default/files/esg-report/2020/Verizon_2020_ESG_Report.pdf",$128 300 000 000,$17 800 000 000
21,UnitedHealth Group        ,Insurance,United States,17 709 ,153 004,429 812,24 487,156 751,181 238,213 495,394 733,$93 137,$42 763,#REF!,#REF!,#REF!,#REF!,#REF!,2,$428,"2020_SustainabilityReport, page 62 https://www.unitedhealthgroup.com/content/dam/UHG/PDF/sustainability/final/2020_SustainabilityReport.pdf",$262 900 000 000,$16 880 000 000
22,China Merchants Bank       ,Banking,China,1 621 ,8 437,--,1 393,8 198,9 591,--,,$1 469 086,,#REF!,#VALUE!,,#REF!,#VALUE!,,,"Corporate Social Responsibility Report, page 118 http://file.cmbimg.com/cmbir/202105/af4c85d5-b889-4e0e-8935-7c3df6cdb9bc.pdf",$60 400 000 000,$14 090 000 000
23,Alibaba Group        ,Retailing,China,--,--,--,510000,3710000,,5290000,,,,#REF!,#REF!,,,#REF!,,,"Alibaba Group Carbon Neutrality Action Report, page 10 https://sustainability.alibabagroup.com/download/Alibaba%20Group%20Carbon%20Neutrality%20Action%20Report_20211217_ENG_Final.pdf",$93 800 000 000,$23 300 000 000
24,Allianz         ,Insurance,Germany,42 011 ,366 878,25 711 408,28 714,180 827,209 541,23 314 968,23 524 509,$37 033,$330,#REF!,#REF!,#REF!,#REF!,#REF!,181,$3,"Allianz Group Sustainability Report 2020, page 107 https://www.allianz.com/content/dam/onemarketing/azcom/Allianz_com/sustainability/documents/Allianz_Group_Sustainability_Report_2020-web.pdf",$129 900 000 000,$7 760 000 000
25,Comcast         ,Media,United States,676 422 ,3 698 533,--,547 084,1 743 000,2 290 084,--,,$4 598,,#REF!,#VALUE!,,#REF!,#VALUE!,,,"Carbon-Footprint-Data-Report, page 2 https://update.comcast.com/wp-content/uploads/sites/33/dlm_uploads/2021/04/Carbon-Footprint-Data-Report.pdf",$103 600 000 000,$10 530 000 000
26,Goldman Sachs Group       ,Diversified Financials,United States,12 673 ,21 782,135 473,9 418,141 583,151 001,29 295,180 296,$99 867,$83 640,#REF!,#REF!,#REF!,#REF!,#REF!,3,$836,"2020-sustainability-report, page 72 https://www.goldmansachs.com/our-commitments/sustainability/sustainable-finance/documents/reports/2020-sustainability-report.pdf?source=website",$61 800 000 000,$15 080 000 000
27,Softbank         ,Telecommunications Services,Japan,15 803 ,760 301,--,15 416,605 513,620 929,3 121 487,3 742 416,$24 045,$3 989,#REF!,#REF!,#REF!,#REF!,#REF!,53,$40,"ESG Data, web page https://group.softbank/en/sustainability/esg_data",$70 300 000 000,$14 930 000 000
28,Postal Savings Bank Of China (PSBC)    ,Banking,China,N/A,N/A,N/A,N/A,N/A,,N/A,,,,#VALUE!,#VALUE!,,,#VALUE!,,,"Corporate Social Responsibility Report, https://www.psbc.com/en/investor_relations/social_responsibility/202103/P020210330379230230398.pdf",$67 200 000 000,$9 280 000 000
29,Tencent Holdings        ,IT Software & Services,China,N/A,N/A,N/A,N/A,N/A,,N/A,,,,#VALUE!,#VALUE!,,,#VALUE!,,,https://www.tencent.com/en-us/responsibility/reports.html,$70 000 000 000,$23 330 000 000
30,BNP Paribas        ,Banking,France,N/A,N/A,N/A,N/A,N/A,,N/A,,,,#VALUE!,#VALUE!,,,#VALUE!,,,https://group.bnpparibas/uploads/file/bnp_paribas_2020_integrated_report_en.pdf,$102 700 000 000,$7 550 000 000
31,Morgan Stanley        ,Diversified Financials,United States,28 254 ,176 164,99 890,N/A,N/A,N/A,N/A,,#VALUE!,#VALUE!,#VALUE!,#VALUE!,,#VALUE!,#VALUE!,,,"Morgan_Stanley_TCFD_Report_2020, page 30 https://www.morganstanley.com/content/dam/msdotcom/en/assets/pdfs/Morgan_Stanley_TCFD_Report_2020.pdf",$56 700 000 000,$13 420 000 000
32,China Mobile        ,Telecommunications Services,Hong Kong,280 000 ,17 040 000,--,240 000,17 940 000,18 180 000,--,,$859,,#REF!,#VALUE!,,#REF!,#VALUE!,,,"2020 Sustainability Report, page 57 https://www.chinamobileltd.com/en/ir/reports/ar2020/sd2020.pdf",$111 300 000 000,$15 620 000 000
33,Facebook         ,IT Software & Services,United States,44 000 ,208 000,4 078 000,29 000,3 454 000,3 483 000,4 029 000,7 512 000,$8 366,$3 879,#REF!,#REF!,#REF!,#REF!,#REF!,87,$39,"2020_FB_Sustainability-Report, page 45 https://sustainability.fb.com/wp-content/uploads/2021/06/2020_FB_Sustainability-Report-3.pdf",$86 000 000 000,$29 140 000 000
34,Johnson & Johnson       ,Drugs & Biotechnology,United States,415 094 ,1 167 140,12 874 161,363 924,641 489,1 005 413,20 006 143,21 011 556,$14 631,$700,#REF!,#REF!,#REF!,#REF!,#REF!,254,$7,"johnson-johnson-2020-health-for-humanity-report, page 84 https://healthforhumanityreport.jnj.com/_document/johnson-johnson-2020-health-for-humanity-report?id=00000179-eebd-d0e3-ad7b-feff30750000",$82 600 000 000,$14 710 000 000
35,Sony         ,Consumer Durables,Japan,188 000 ,1 188 000,14 870 000,189 000,1 204 000,1 393 000,17 077 000,18 470 000,$7 243,$546,#REF!,#REF!,#REF!,#REF!,#REF!,231,$5,"Sustainability Report 2021, page 188 https://www.sony.com/en/SonyInfo/csr/library/reports/SustainabilityReport2021_E.pdf",$79 900 000 000,$10 090 000 000
36,Intel         ,Semiconductors,United States,1 489 000 ,1 299 000,20 342 000,1 973 000,909 000,2 882 000,29 866 000,32 748 000,$7 252,$638,#REF!,#REF!,#REF!,#REF!,#REF!,421,$6,"CSR-2019-20-Full-Report, page 36 https://csrreportbuilder.intel.com/pdfbuilder/pdfs/CSR-2019-20-Full-Report.pdf and page 61 http://csrreportbuilder.intel.com/pdfbuilder/pdfs/CSR-2020-21-Full-Report.pdf",$77 870 000 000,$20 900 000 000
37,CVS Health        ,Retailing,United States,157 114 ,1 024 682,21 600 950,165 384,977 380,1 142 764,10 893 887,12 036 651,$6 283,$597,#REF!,#REF!,#REF!,#REF!,#REF!,155,$6,"Sustainability report Annex, page 32-34 https://www.cvshealth.com/sites/default/files/2020-csr-report-appendix.pdf ",$77 900 000 000,$7 180 000 000
38,RBC         ,Banking,Canada,24 814 ,89 769,29 737,23 268,77 668,100 936,11 569,112 505,$87 085,$78 130,#REF!,#REF!,#REF!,#REF!,#REF!,3,$781,"2020-ESG-Report, Page 62 https://www.rbc.com/community-social-impact/_assets-custom/pdf/2020-ESG-Report.PDF",$42 900 000 000,$8 790 000 000
39,Nestlé         ,"Food, Drink & Tobacco",Switzerland,3 300 000 ,2 300 000,--,3 260 000,1 910 000,5 170 000,114 000 000,119 170 000,$2 520,$109,#REF!,#REF!,#REF!,#REF!,#REF!,1 326,$1,"2021-tcfd-report, page 24 https://www.nestle.com/sites/default/files/2022-03/2021-tcfd-report.pdf, 2019 page 58 https://www.nestle.com/sites/default/files/2020-03/creating-shared-value-report-2019-en.pdf",$89 900 000 000,$13 030 000 000
40,HSBC Holdings        ,Banking,United Kingdom,22 000 ,392 000,272 000,20 000,343 000,363 000,81 000,444 000,$10 964,$8 964,#REF!,#REF!,#REF!,#REF!,#REF!,7,$90,"Annual Report and Accounts 2021, page 54 file:///C:/Users/muham/Downloads/220222-annual-report-and-accounts-2021.pdf and report for 2019 is file:///C:/Users/muham/Downloads/200218-co2-emissions-reporting-guidance-2019.pdf ; ESG Datapack 2021, page 7 file:///C:/Users/muham/Downloads/220222-esg-datapack-2021.pdf",$60 600 000 000,$3 980 000 000
41,Daimler         ,Consumer Durables,Germany,1 239 ,2 982,--,1 027 000,1 492 000,2 519 000,--,,$1 640,,#REF!,#VALUE!,,#REF!,#VALUE!,,,"Daimler Sustainability Report 2020, page 63 https://sustainabilityreport.daimler.com/2020/servicepages/downloads/files/daimler-sr-2020.pdf",$175 900 000 000,$4 130 000 000
42,TD Bank Group       ,Banking,Canada,50 711 ,107 366,1 435 704,42 512,93 999,136 511,1 769 517,1 906 028,$66 661,$4 774,#REF!,#REF!,#REF!,#REF!,#REF!,49,$48,"2020 ESG Report, page 83 https://www.td.com/document/PDF/ESG/2020-ESG-Report.pdf",$38 800 000 000,$9 100 000 000
43,Nippon Telegraph & Tel      ,Telecommunications Services,Japan,138 000 ,3 060 000,19 650 000,137 000,2 933 000,3 070 000,--,,$2 713,,#REF!,#VALUE!,,#REF!,#VALUE!,,,"Esg_report_2021, page 3 https://group.ntt/en/csr/data/pdf/esg_report_2021e.pdf",$110 300 000 000,$8 330 000 000
44,Deutsche Telekom        ,Telecommunications Services,Germany,N/A,N/A,N/A,N/A,N/A,,N/A,,,,#VALUE!,#VALUE!,,,#VALUE!,,,https://www.cr-report.telekom.com/site19/facts-figures/environmental-indicators/co2-emissions#atn-15586-15590 ; https://www.cr-report.telekom.com/site19/facts-figures/environmental-indicators/co2-emissions#atn-15586-15590,$115 100 000 000,$4 740 000 000
45,General Electric        ,Conglomerates,United States,1 000 000 ,1 390 000,--,920 000,1 160 000,2 080 000,--,,$2 683,,#REF!,#VALUE!,,#REF!,#VALUE!,,,"Sustainability Report, page 8 https://www.ge.com/sites/default/files/ge2020_sustainability_report.pdf",$79 900 000 000,$5 580 000 000
46,Procter & Gamble       ,Household & Personal Products,United States,2 217 000 ,1 843 000,--,2 218 000,402 000,2 620 000,--,,$5 286,,#REF!,#VALUE!,,#REF!,#VALUE!,,,"Sustainability / CSR Annual Report, page 157 https://downloads.ctfassets.net/oggad6svuzkv/6nH6D1AQHdsESZJpiRHTw8/f41717fbe7d00e6b63eaf201b6f3ab21/citizenship_report_2020_full__2_.pdf",$74 000 000 000,$13 850 000 000
47,General Motors        ,Consumer Durables,United States,1 589 700 ,4 381 970,249 384 317,1 214 124,3 087 816,4 301 940,249 384 317,253 686 257,$1 495,$25,#REF!,#REF!,#REF!,#REF!,#REF!,2 071,$0,"GM_2020_SR, page 221 https://www.gmsustainability.com/_pdf/resources-and-downloads/GM_2020_SR.pdf",$122 500 000 000,$6 430 000 000
48,Sinopec         ,Oil & Gas Operations,China,N/A,N/A,N/A,N/A,N/A,,N/A,,,,#VALUE!,#VALUE!,,,#VALUE!,,,http://os.sinopec.com/sosc/en/Resource/Pdf/2021032502.pdf,$271 100 000 000,$4 770 000 000
49,China Life Insurance       ,Insurance,China,22 837 ,119 218,N/A,N/A,N/A,#VALUE!,N/A,,#VALUE!,#VALUE!,#VALUE!,#VALUE!,,#VALUE!,#VALUE!,,,"2019 ESG & Social report, page 32 https://www.e-chinalife.com/c/2020-03-25/512578.shtml",$113 800 000 000,$7 260 000 000
50,Industrial Bank        ,Banking,China,N/A,N/A,N/A,N/A,N/A,,N/A,,,,#VALUE!,#VALUE!,,,#VALUE!,,,https://download.cib.com.cn/netbank/download/cn/Sustainable_Finance/report_kcxfz_2020en.pdf,$53 800 000 000,$9 650 000 000
51,Sberbank         ,Banking,Russia,N/A,N/A,N/A,N/A,N/A,,N/A,,,,#VALUE!,#VALUE!,,,#VALUE!,,,Acess Denied for each link,$47 300 000 000,$10 450 000 000
52,Mitsubishi UFJ Financial       ,Banking,Japan,19 926 ,368 573,15 918,9 560,162 159,171 719,3 526,175 245,$30 049,$29 444,#REF!,#REF!,#REF!,#REF!,#REF!,3,$294,"MUFG;Sustainability Report, page 74 https://www.mufg.jp/dam/csr/report/2021/en_all.pdf",$56 000 000 000,$5 160 000 000
53,Cigna         ,Insurance,United States,16 894 ,119 427,23 693,--,--,#VALUE!,--,,#VALUE!,#VALUE!,#VALUE!,#VALUE!,,#VALUE!,#VALUE!,,,"cigna-connects-2019, page 111 https://www.cigna.com/static/www-cigna-com/docs/about-us/corporate-responsibility/report/cigna-connects-2019-corporate-responsibility-report.pdf",$160 600 000 000,$8 460 000 000
54,AXA Group        ,Insurance,France,37 889 ,62 765,90 584,26 292,40 894,67 186,17 460,84 646,$50 755,$40 285,#REF!,#REF!,#REF!,#REF!,#REF!,1,$403,"Universal Registration Document 2020, page 190 https://www-axa-com.cdn.axa-contento-118412.eu/www-axa-com/d6aef906-e41f-40c7-ac9c-29044e98939d_AXA_URD_2020_EN_accessible_b.pdf",$129 500 000 000,$3 410 000 000
55,AIA Group        ,Insurance,Hong Kong,3 640 ,45 263,10 846,2 167,38 029,40 196,2 354,42 550,$143 795,$135 840,#REF!,#REF!,#REF!,#REF!,#REF!,1,$1 358,"AIA_ESG, page 89 https://www.aia.com/content/dam/group/en/esg/AIA_ESG_En.pdf",$42 600 000 000,$5 780 000 000
55,Reliance Industries        ,Oil & Gas Operations,India,47 500 000 ,1 450 000,--,44 670 000,1 250 000,45 920 000,--,,$124,,#REF!,#VALUE!,,#REF!,#VALUE!,,,"Natural Capital, https://www.ril.com/ar2020-21/natural-capital.html",$61 200 000 000,$5 700 000 000
57,Bank of Communications       ,Banking,China,N/A,N/A,N/A,N/A,N/A,,N/A,,,,#VALUE!,#VALUE!,,,#VALUE!,,,file:///C:/Users/muham/Downloads/2020CSRReport.pdf,$67 600 000 000,$11 140 000 000
58,Pfizer         ,Drugs & Biotechnology,United States,697 313 ,1 176 828,--,654 460,551 000,1 205 460,--,,$7 980,,#REF!,#VALUE!,,#REF!,#VALUE!,,,"Pfizer_Inc-CDP_Climate_Change_Questionnaire_2021, Page 33 and 34 https://cdn.pfizer.com/pfizercom/Pfizer_Inc-CDP_Climate_Change_Questionnaire_2021.pdf",$47 600 000 000,$9 620 000 000
59,IBM         ,IT Software & Services,United States,80 159 ,827 369,315 095,73 941,530 365,604 306,275 882,880 188,$9 250,$6 351,#REF!,#REF!,#REF!,#REF!,#REF!,12,$64,"2020 IBM and the Environment Report, Page 32 https://www.ibm.com/ibm/environment/annual/IBMEnvReport_2020.pdf",$73 600 000 000,$5 590 000 000
60,Roche Holding        ,Drugs & Biotechnology,Switzerland,--,--,723937,--,--,,7383556,,,,#VALUE!,#VALUE!,,,#VALUE!,,,"SHE goals & performance, page 1 file:///C:/Users/muham/Downloads/scope-3-greenhouse-gas-emissions.pdf ; file:///C:/Users/muham/Downloads/she-greenhouse-gas-emissions.pdf",$62 100 000 000,$15 230 000 000
61,BMW Group        ,Consumer Durables,Germany,642 259 ,302 574,75 042 286,642 885,84 257,727 142,65 100 863,65 828 005,$5 914,$65,#REF!,#REF!,#REF!,#REF!,#REF!,584,$1,"BMW Group Report 2020, page 96 https://www.bmwgroup.com/content/dam/grpw/websites/bmwgroup_com/ir/downloads/en/2021/hv/BMW_Group_Report_2020.pdf",$112 800 000 000,$4 300 000 000
62,MetLife         ,Insurance,United States,25 487 ,99 570,28 614,14 515,66 332,80 847,3 224,84 071,$66 917,$64 350,#REF!,#REF!,#REF!,#REF!,#REF!,1,$644,"MetLife 2020 Sustainability Report, page 161 MetLife 2020 Sustainability Report",$67 800 000 000,$5 410 000 000
63,PetroChina         ,Oil & Gas Operations,China,N/A,N/A,N/A,N/A,N/A,,N/A,,,,#VALUE!,#VALUE!,,,#VALUE!,,,http://www.petrochina.com.cn/ptr/xhtml/images/2020kcxfzbgen.pdf,$280 700 000 000,$2 860 000 000
64,LVMH Moët Hennessy Louis Vuitton     ,Household & Personal Products,France,--,--,2791000,--,--,,4451210,,,,#VALUE!,#VALUE!,,,#VALUE!,,,"2019, Page 43 https://r.lvmh-static.com/uploads/2020/06/lvmh_ra_responsabilite-environnementale_2019_en.pdf ; 2020 page 97 https://r.lvmh-static.com/uploads/2021/04/ac_en_lvmh_reng20_all-accessible.pdf",$50 900 000 000,$5 360 000 000
65,Novartis         ,Drugs & Biotechnology,Switzerland,485 000 ,411 600,191 300,396 400,392 200,788 600,27 000,815 600,$10 233,$9 895,#REF!,#REF!,#REF!,#REF!,#REF!,17,$99,"Novartis in Society ESG Report 2020, page 65 https://www.novartis.com/sites/novartis_com/files/novartis-in-society-report-2020.pdf",$48 600 000 000,$8 070 000 000
66,Taiwan Semiconductor        ,Semiconductors,Taiwan,2 071 642 ,6 697 871,10 614 056,2 450 354,7 459 856,9 910 210,5 511 486,15 421 696,$1 885,$1 211,#REF!,#REF!,#REF!,#REF!,#REF!,321,$12,"2020 Corporate Social Responsibility Report, Page 94 https://esg.tsmc.com/download/file/2020-csr-report/english/pdf/e-all.pdf",$48 100 000 000,$18 680 000 000
67,Home Depot        ,Retail and Wholesale,United States,554 000 ,1 394 000,2 665 000,607 000,1 214 000,1 821 000,2 916 000,4 737 000,$7 068,$2 717,#REF!,#REF!,#REF!,#REF!,#REF!,36,$27,"2021 ESG Report, page 16 https://corporate.homedepot.com/sites/default/files/THD_2021ESGReport_singlepages_0.pdf",$132 000 000 000,$12 870 000 000
68,Siemens         ,Conglomerates,Germany,,,,424 000,253 000,677 000,507 691 000,508 368 000,$7 282,$10,#REF!,#REF!,#REF!,#REF!,#REF!,8 765,$0,"2019, page 29 https://assets.new.siemens.com/siemens/assets/api/uuid:16c327d3-3e02-427e-952f-e7f610d954fe/siemens-sustainability-information-2019.pdf ; 2020, page 77 https://assets.new.siemens.com/siemens/assets/api/uuid:4806da09-01c7-40b1-af91-99af4b726653/sustainability2021-en.pdf",$58 000 000 000,$4 930 000 000
68,Shanghai Pudong Development       ,Banking,China,N/A,N/A,N/A,N/A,N/A,,N/A,,,,#VALUE!,#VALUE!,,,#VALUE!,,,https://www.rns-pdf.londonstockexchange.com/rns/5485A_1-2021-6-2.pdf,$52 300 000 000,$8 450 000 000
70,PepsiCo         ,"Food, Drink & Tobacco",United States,84 646 ,0,621 711,3 916 188,2 840 665,6 756 853,2 128 443,8 885 296,$1 110,$844,#REF!,#REF!,#REF!,#REF!,#REF!,125,$8,"2019, page 49 https://www.pepsico.com/docs/album/esg-topics-policies/2020-cdp-climate-response.pdf?sfvrsn=2df611c8_8 ; 2020, page 1 https://www.pepsico.com/docs/album/esg-topics-policies/apex_independent_assurance_statements.pdf?sfvrsn=b129ba58_10",$71 300 000 000,$7 500 000 000
71,Oracle         ,IT Software & Services,United States,18 210 ,384 730,1 701 461,10 300,419 277,429 577,1 577 176,2 006 753,$29 867,$6 393,#REF!,#REF!,#REF!,#REF!,#REF!,51,$64,"Oracle Corporate Citizenship Data Sheet, page 2 https://www.oracle.com/a/ocom/docs/corporate/citizenship/ccr-datasheet.pdf",$39 700 000 000,$12 830 000 000
72,Sanofi         ,Drugs & Biotechnology,France,530 118 ,352 435,5 110 721,498 091,255 835,753 926,5 233 393,5 987 319,$18 623,$2 345,#REF!,#REF!,#REF!,#REF!,#REF!,146,$23,"DEU Chap 4 - EN Final, page 50 and 51 https://www.sanofi.com/-/media/Project/One-Sanofi-Web/Websites/Global/Sanofi-COM/Home/en/our-responsibility/docs/documents-center/brochures/Declaration-of-Extra-Financial-Performance.pdf?la=en&hash=463A22969391C0FCAC98E2398C80DD0C",$41 100 000 000,$14 040 000 000
73,Enel         ,Utilities,Italy,70 000 000 ,5 400 000,56 900 000,45 300 000,5 000 000,50 300 000,47 700 000,98 000 000,$59,$30,#REF!,#REF!,#REF!,#REF!,#REF!,1 373,$0,"Sustainability Report 202, page 40 https://www.enel.com/content/dam/enel-com/documenti/investitori/sostenibilita/2020/sustainability-report_2020.pdf",$71 400 000 000,$2 980 000 000
74,AbbVie         ,Drugs & Biotechnology,United States,315 000 ,250 000,--,265 000,243 000,508 000,--,,$8 957,,#REF!,#VALUE!,,#REF!,#VALUE!,,,"2020 Environment and Safety Report, page 5 https://www.abbvie.com/content/dam/abbvie-dotcom/uploads/PDFs/societal-impact/2020-environment-and-safety-performance-report.pdf",$45 800 000 000,$4 550 000 000
75,Cisco Systems        ,Technology Hardware & Equipment,United States,45 394 ,924 573,21 688 162,38 743,607 218,645 961,20 311 866,20 957 827,$15 682,$483,#REF!,#REF!,#REF!,#REF!,#REF!,437,$5,https://www.cisco.com/c/m/en_us/about/csr/esg-hub/environment/scope-1-2-ghg-emissions.html ; scope 3 https://www.cisco.com/c/m/en_us/about/csr/esg-hub/environment/scope-3-ghg-emissions.html,$48 000 000 000,$10 130 000 000
75,Zurich Insurance Group       ,Insurance,Switzerland,47 418 ,50 667,115 304,16 437,11 278,27 715,38 994,66 709,$136 749,$56 814,#REF!,#REF!,#REF!,#REF!,#REF!,1,$568,https://www.zurich.com/sustainability/sustainable-operations/our-environmental-kpis?page_url_input_url=https%3a%2f%2fwww.zurich.com%2fsustainability%2fenvironment%2four-environmental-kpis,$58 400 000 000,$3 790 000 000
77,Bank of Nova Scotia      ,Banking,Canada,15 221 ,99 393,20 168,12 783,98 282,111 065,7 193,118 258,$45 739,$42 957,#REF!,#REF!,#REF!,#REF!,#REF!,4,$430,"2020 ESG Report, Page 11 https://www.scotiabank.com/content/dam/scotiabank/canada/en/documents/about/Scotiabank_2020_ESG_Report_Final.pdf",$30 700 000 000,$5 080 000 000
78,Commonwealth Bank        ,Banking,Australia,7 624 ,78 756,99 580,12 526,103 528,116 054,57 454,173 508,$49 546,$33 140,#REF!,#REF!,#REF!,#REF!,#REF!,8,$331,"2021-annual-report-sustainability, page 3 https://www.commbank.com.au/content/dam/commbank-assets/investors/docs/results/fy21/2021-annual-report-sustainability-performance-metrics.pdf",$22 400 000 000,$5 750 000 000
79,BHP Group        ,Materials,Australia,9 700 000 ,6 200 000,431 100 000,9 600 000,6 300 000,15 900 000,415 700 000,431 600 000,$436,$16,#REF!,#REF!,#REF!,#REF!,#REF!,9 362,$0,"BHP Annual Report 2021, page 42  and 44 file:///C:/Users/muham/Downloads/210914_bhpannualreport2021.pdf",$46 100 000 000,$6 930 000 000
79,UBS         ,Banking,Switzerland,10 574 ,216 096,19 636,9 972,136 524,146 496,61 215,207 711,$44 643,$31 486,#REF!,#REF!,#REF!,#REF!,#REF!,6,$315,"Ubs-sustainability-report-2021, page 111 file:///C:/Users/muham/Downloads/ubs-sustainability-report-2021.pdf",$32 200 000 000,$6 540 000 000
81,British American Tobacco       ,"Food, Drink & Tobacco",United States,396 000 ,386 000,6 781 000,342 000,199 000,541 000,5 587 000,6 128 000,$15 176,$1 340,#REF!,#REF!,#REF!,#REF!,#REF!,185,$13,"BAT_ESG_Report_2021, page 17 https://www.bat.com/group/sites/UK__9D9KCY.nsf/vwPagesWebLive/DOAWWEKR/$file/BAT_ESG_Report_2021.pdf?open&v=1",$33 100 000 000,$8 210 000 000
82,Honda Motor        ,Consumer Durables,Japan,1 380 000 ,4 090 000,309 820 000,1 240 000,3 790 000,5 030 000,298 090 000,303 120 000,$771,$13,#REF!,#REF!,#REF!,#REF!,#REF!,2 489,$0,"2021 Sustainability Report, page 72 https://global.honda/content/dam/site/global/about/cq_img/sustainability/report/pdf/2021/Honda-SR-2021-en-all.pdf",$121 800 000 000,$3 880 000 000
82,Intesa Sanpaolo        ,Banking,Italy,45 398 ,33 708,106 824,49 950,37 714,87 664,45 300,132 964,$42 663,$28 128,#REF!,#REF!,#REF!,#REF!,#REF!,3,$281,https://group.intesasanpaolo.com/en/sustainability/environment/direct-environmental-impacts/greenhouse-gas-emissions/results-and-targets,$45 800 000 000,$3 740 000 000
84,Merck & Co.       ,Drugs & Biotechnology,United States,799 000 ,732 200,6 965 600,738 400,392 400,1 130 800,7 103 450,8 234 250,$6 252,$859,#REF!,#REF!,#REF!,#REF!,#REF!,172,$9,"(ESG) Progress Report 2020/2021, page 102 https://www.merck.com/wp-content/uploads/sites/5/2021/09/Merck-ESG-Report.pdf",$47 800 000 000,$7 070 000 000
85,Sumitomo Mitsui Financial       ,Banking,Japan,N/A,N/A,N/A,N/A,N/A,,N/A,,,,#VALUE!,#VALUE!,,,#VALUE!,,,https://www.smfg.co.jp/english/sustainability/materiality/environment/reduction/#ac0,$38 600 000 000,$4 940 000 000
86,Rio Tinto        ,Materials,Australia,23 100 000 ,8 300 000,0,22 800 000,8 700 000,31 500 000,570 000 000,601 500 000,$308,$16,#REF!,#REF!,#REF!,#REF!,#REF!,13 517,$0,"Climate Change Report 2020, page 33 file:///C:/Users/muham/Downloads/RT-climate-report-2020.pdf",$44 500 000 000,$9 710 000 000
87,Japan Post Holdings       ,Insurance,Japan,37 024 ,38 632,14 245,872 102,636 544,1 508 646,1 169 251,2 677 897,$2 804,$1 580,#REF!,#REF!,#REF!,#REF!,#REF!,25,$16,https://www.japanpost.jp/en/sustainability/library/data/,$106 600 000 000,$4 230 000 000
88,US Bancorp        ,Banking,United States,N/A,N/A,N/A,N/A,N/A,,N/A,,,,#VALUE!,#VALUE!,,,#VALUE!,,,https://ir.usbank.com/static-files/b66cafac-8012-4958-99aa-dd92cc111d03,$23 100 000 000,$6 050 000 000
89,Anthem         ,Drugs & Biotechnology,United States,14 179 ,98 988,1 174 488,12 163,91 828,103 991,912 080,1 016 071,$43 946,$4 498,#REF!,#REF!,#REF!,#REF!,#REF!,8,$45,"ESG Progress Report 2018–2020, page 8 https://www.antheminc.com/annual-report/2020/documents/ANTM_ESG20_Progress.pdf",$121 900 000 000,$4 570 000 000
90,Unilever         ,Household & Personal Products,United Kingdom,659 028 ,443 897,61 020 357,606 771,171 906,778 677,60 388 592,61 167 269,$8 155,$104,#REF!,#REF!,#REF!,#REF!,#REF!,1 058,$1,"Annual Report and Accounts 2020, page 59 https://assets.unilever.com/files/92ui5egz/production/e665693f2bd2efbbde5658baf84043df7937cfd7.pdf",$57 800 000 000,$6 350 000 000
90,Charter Communications        ,Media,United States,426 160 ,1 191 163,924 892,--,--,--,--,,#VALUE!,#VALUE!,#VALUE!,#VALUE!,,#VALUE!,#VALUE!,,,"2020 ESG Report, page 24 https://corporate.charter.com/2020-ESG-ReportFull.pdf",$48 100 000 000,$3 220 000 000
92,Dell Technologies        ,Technology Hardware & Equipment,United States,59 000 ,751 500,13 815 900,--,--,--,--,,#VALUE!,#VALUE!,#VALUE!,#VALUE!,,#VALUE!,#VALUE!,,,"FY19 CSR Report, page 50 https://www.dell.com/en-us/dt/corporate/social-impact/reporting/fy19-csr-report.htm#scroll=off&pdf-overlay=//www.dell.com/content/dam/delltechnologies/assets/corporate/pdf/progress-made-real-reports/dell-fy19-csr-report.pdf",$94 300 000 000,$3 250 000 000
93,Manulife         ,Insurance,Canada,714 636 ,652 618,464 091,555 933,253 000,808 933,479 087,1 288 020,$5 415,$3 401,#REF!,#REF!,#REF!,#REF!,#REF!,23,$34,"Manulife 2020 Sustainability Report, page 57 https://www.manulife.com/content/dam/corporate/global/en/documents/pas/MFC_SR_PAS_2020.pdf",$57 200 000 000,$4 380 000 000
94,Hon Hai Precision       ,Technology Hardware & Equipment,Taiwan,117 384 ,8 335 373,--,152 602,5 265 000,5 417 602,102 140,5 519 742,$639,$627,#REF!,#REF!,#REF!,#REF!,#REF!,30,$6,"CSR report 2019, page 93 https://www.honhai.com/s3/reports/CSR%E5%A0%B1%E5%91%8A%E6%9B%B8/%E8%8B%B1%E6%96%87%E7%89%88/2019%E9%B4%BB%E6%B5%B7%20CSR%20report_en.pdf ; CSR report 2020, page 100 https://www.honhai.com/s3/reports/CSR%E5%A0%B1%E5%91%8A%E6%9B%B8/%E8%8B%B1%E6%96%87%E7%89%88/2020%20Foxconn%20CSR%20Report_en.pdf",$182 000 000 000,$3 460 000 000
95,American Express        ,Diversified Financials,United States,24 363 ,117 117,51 679,19 620,92 488,112 108,5 933,118 041,$27 741,$26 347,#REF!,#REF!,#REF!,#REF!,#REF!,3,$263,"AXP-2020-2021-ESG-Report, page 63 https://s1.q4cdn.com/692158879/files/doc_downloads/2021/09/AXP-2020-2021-ESG-Report.pdf",$38 200 000 000,$3 110 000 000
96,China Vanke        ,Construction,China,N/A,N/A,N/A,N/A,N/A,,N/A,,,,#VALUE!,#VALUE!,,,#VALUE!,,,http://iis.quamnet.com/media/IRAnnouncement/2202/EN_US/9321158-0.PDF,$62 600 000 000,$6 090 000 000
97,GlaxoSmithKline         ,Drugs & Biotechnology,United Kingdom,795 000 ,522 000,14 620 000,773 000,507 000,1 280 000,--,,$5 758,,#REF!,#VALUE!,,#REF!,#VALUE!,"0,000000000",,"Esg-performance-summary-2020, Page 9 and 10 https://www.gsk.com/media/6636/esg-performance-summary-2020.pdf",$43 700 000 000,$7 370 000 000
98,Truist Financial        ,Banking,United States,--,--,--,52054,355710,,--,,,,#REF!,#VALUE!,,,#VALUE!,,,"Truist 2020 GHG Inventory Assurance Statement, page 2 https://filecache.investorroom.com/mr5ir_truist/464/Truist%202020%20GHG%20Inventory%20Assurance%20Statement_14July2021.pdf",$24 300 000 000,$4 900 000 000
99,Rosneft         ,Oil & Gas Operations,Russia,N/A,N/A,N/A,N/A,N/A,,N/A,,,,#VALUE!,#VALUE!,,,#VALUE!,,,Denied each link for this country.,$70 800 000 000,$2 030 000 000
100,China State Construction Engineering      ,Construction,China,75 482 ,5 496,36 628,56 502,3 846,60 348,7 002,67 350,$101 743,$91 166,#REF!,#REF!,#REF!,#REF!,#REF!,0,$912,"sus_2019, page 57 https://www.cscechk.com/pdf/sus_2019_en.pdf ; sus_2020, page 70 https://www.cscechk.com/pdf/sus_2020_en.pdf",$215 300 000 000,$6 140 000 000
101,JD.com         ,Retailing,China,--,--,--,355585,646827,,1273523,,,,#REF!,#REF!,,,#REF!,,,"1 2020 JD.com Environmental, Social and Governance Report, page 49 https://ir.jd.com/index.php/system/files-encrypted/nasdaq_kms/assets/2021/04/19/2-46-41/2020%20JD.com%20Environmental%20Social%20and%20Governance%20Report.pdf",$108 300 000 000,$7 230 000 000
102,Coca-Cola         ,"Food, Drink & Tobacco",United States,253 215 ,6 670,3 926 411,196 919,144 011,340 930,3 144 035,3 484 965,$22 732,$2 224,#REF!,#REF!,#REF!,#REF!,#REF!,106,$22,"2020-Corporate-data, page 5 https://www.cocacolaep.com/assets/Sustainability/Documents/1345c2f33c/2020-Corporate-data-tables-v2.pdf",$33 000 000 000,$7 750 000 000
103,Iberdrola         ,Utilities,Spain,5 782 303 ,2 081 745,54 278 199,12 971 710,1 882 654,14 854 364,57 851 881,72 706 245,$277,$57,#REF!,#REF!,#REF!,#REF!,#REF!,1 923,$1,"Statement of Non-Financial Information - Sustainability Report, page 75,79,266 https://www.iberdrola.com/documents/20125/42388/IB_Sustainability_Report.pdf",$37 800 000 000,$4 120 000 000
104,CITIC         ,Trading Companies,Hong Kong,N/A,N/A,N/A,N/A,N/A,,N/A,,,,#VALUE!,#VALUE!,,,#VALUE!,,,https://www.citic.com/ar2020/pdf/11E-ESG.pdf,$71 300 000 000,$7 300 000 000
105,Prudential         ,Insurance,United Kingdom,7 332 ,97 992,6 248,5 637,43 120,48 757,2 164,50 921,$43 071,$41 240,#REF!,#REF!,#REF!,#REF!,#REF!,1,$412,"esg-report-2020, page 49 https://www.prudentialplc.com/~/media/Files/P/Prudential-V3/reports/2020/esg-report-2020.pdf",$54 800 000 000,$2 100 000 000
106,KDDI         ,Telecommunications Services,Japan,6 581 ,1 041 559,6 458 524,5 709,1 050 417,1 056 126,5 390 054,6 446 180,$5 833,$956,#REF!,#REF!,#REF!,#REF!,#REF!,131,$10,"Report2021, page 43 https://www.kddi.com/extlib/files/english/corporate/csr/csr_report/2021/pdf/report2021_en.pdf",$49 300 000 000,$6 160 000 000
107,Bank of Montreal       ,Banking,Canada,45 672 ,90 457,25 637,31 621,62 661,94 282,8 454,102 736,$43 699,$40 103,#REF!,#REF!,#REF!,#REF!,#REF!,4,$401,"2021 Climate Report, Page 28 https://our-impact.bmo.com/wp-content/uploads/2022/03/BMO_2021_Climate-Report_EN_FINAL.pdf",$24 500 000 000,$4 120 000 000
108,Costco Wholesale        ,Retailing,United States,2 572 206 ,N/A,N/A,2 663 033,N/A,#VALUE!,N/A,,#VALUE!,#VALUE!,#VALUE!,#VALUE!,,#VALUE!,#VALUE!,,,https://www.costco.com/sustainability-climate-action-plan.html#emissions-tracking,$178 600 000 000,$4 340 000 000
109,Itaú Unibanco Holding       ,Banking,Brazil,13 502 ,43 738,156 364,15 121,34 933,50 054,78 618,128 672,$73 121,$28 444,#REF!,#REF!,#REF!,#REF!,#REF!,3,$284,"Itau Unibanco ESG Report 2020, page 94 https://www.itau.com.br/relacoes-com-investidores/annual-report/2020/pdf/ESG-Report-2020-Itau-Unibanco.pdf",$37 200 000 000,$3 660 000 000
110,State Bank of India      ,Banking,India,418 ,1 163 367,181 822,390,1 066 386,1 066 776,192 459,1 259 235,$2 934,$2 486,#REF!,#REF!,#REF!,#REF!,#REF!,25,$25,"Sustainability Report 2020-21, page 24 https://sbi.co.in/documents/17826/24401/140621-Sustainability+Report%28SR%29+year+2020-21.pdf/ba271367-9542-e96a-0589-2968954b2e17?t=1623659643326",$50 600 000 000,$3 130 000 000
111,Chubb         ,Insurance,Switzerland,26 332 ,--,42 520,16 313,35 388,51 701,--,,$68 277,,#REF!,#VALUE!,,#REF!,#VALUE!,,,"2019, page 15 https://www.chubb.com/content/dam/annual-corporate-governance/Chubb%202020%20Environmental%20Report.pdf ; 2020, page 9 https://www.chubb.com/content/dam/chubb-sites/chubb-com/us-en/about-chubb/environment/doc/Chubb_2021_Climate-Related_Financial_Disclosure_and_Environmental_Report.pdf",$36 100 000 000,$3 530 000 000
112,Mitsubishi         ,Trading Companies,Japan,110 000 ,416 000,35 429,79 000,289 000,368 000,20 286 000,20 654 000,$8 424,$150,#REF!,#REF!,#REF!,#REF!,#REF!,177,$2,"sustainability2021, page 111 https://www.mitsubishi-motors.com/en/sustainability/pdf/report-2021/sustainability2021.pdf?201214",$116 700 000 000,$3 100 000 000
113,Vale         ,Materials,Brazil,11 300 000 ,800 000,562 900 000,9 600 000,600 000,10 200 000,480 500 000,490 700 000,$508,$11,#REF!,#REF!,#REF!,#REF!,#REF!,12 146,$0,"Sustainability Reports 2020, page 109 https://api.mziq.com/mzfilemanager/v2/d/53207d1c-63b4-48f1-96b7-19869fae19fe/598acdd8-0879-4396-baf7-9d7b25c3bbb0?origin=1",$40 400 000 000,$5 180 000 000
114,Capital One        ,Business Services & Supplies,United States,9 495 ,146 671,382 461,6 620,118 105,124 725,378 752,503 477,$21 407,$5 303,#REF!,#REF!,#REF!,#REF!,#REF!,16,$53,"Environmental, Social and Governance Fact Sheet, page 5 https://investor.capitalone.com/static-files/5e126c92-c312-4512-b799-d57e31b14810",$31 600 000 000,$2 670 000 000
115,PNC Financial Services       ,Banking,United States,30 286 ,181 932,68 137,23 767,146 807,170 574,16 467,187 041,$49 304,$44 963,#REF!,#REF!,#REF!,#REF!,#REF!,11,$450,"2020 CR Report, page 20 https://www.pnc.com/content/dam/pnc-com/pdf/aboutpnc/CorporateResponsibilityReports/PNC_Corporate_Responsibility_Report_2020.pdf",$17 400 000 000,$8 410 000 000
116,HDFC Bank        ,Banking,India,7 000 ,449 700,15 700,7 700,390 100,397 800,16 400,414 200,$10 407,$9 995,#REF!,#REF!,#REF!,#REF!,#REF!,20,$100,"Enviornmentalstewardship, page 1 https://v1.hdfcbank.com/htdocs/common/2020/July/AR/hdfc-AR/pdf/Enviornmentalstewardship.pdf",$20 700 000 000,$4 140 000 000
117,Itochu         ,Trading Companies,Japan,1 213 000 ,771 000,--,1 202 000,835 000,2 037 000,--,,$2 018,,#REF!,#VALUE!,,#REF!,#VALUE!,,,"ESG Report 2021, page 49 https://www.itochu.co.jp/en/csr/pdf/21fulle-all.pdf",$96 600 000 000,$4 110 000 000
117,Credit Agricole        ,Banking,France,N/A,N/A,N/A,N/A,N/A,,N/A,,,,#VALUE!,#VALUE!,,,#VALUE!,,,https://www.credit-agricole.com/en/pdfPreview/188402,$43 500 000 000,$2 640 000 000
119,FedEx         ,Transportation,United States,15 406 173 ,995 988,3 099 293,15 235 320,948 280,16 183 600,3 230 571,19 414 171,$187,$156,#REF!,#REF!,#REF!,#REF!,#REF!,247,$2,"FedEx 2021 ESG Report, page 33 https://www.fedex.com/content/dam/fedex/us-united-states/sustainability/gcrs/FedEx_2021_ESG_Report.pdf",$78 700 000 000,$3 020 000 000
120,Vodafone         ,Telecommunications Services,United Kingdom,260 000 ,1 880 000,10 700 000,280 000,1 670 000,1 950 000,9 500 000,11 450 000,$1 451,$247,#REF!,#REF!,#REF!,#REF!,#REF!,230,$2,"Vodafone_Annual Report 2021, page 7 and 34 ; https://investors.vodafone.com/sites/vodafone-ir/files/2021-05/vodafone-annual-report-2021.pdf",$49 700 000 000,$2 830 000 000
121,Abbott Laboratories        ,Health Care Equipment & Services,United States,543 000 ,917 000,--,500 000,480 000,980 000,--,,$4 541,,#REF!,#VALUE!,,#REF!,#VALUE!,,,"Global Sustainability Report 2020, page 134 https://dam.abbott.com/en-us/documents/pdfs/abbott-citizenship/Abbott-2020-Global-Sustainability-Report.pdf",$34 600 000 000,$4 450 000 000
122,Visa         ,Business Services & Supplies,United States,9 920 ,56 217,--,4 170,9 730,13 900,400 000,413 900,$745 324,$25 030,#REF!,#REF!,#REF!,#REF!,#REF!,,$250,"2020 Environmental, Social & Governance Report, page 37 https://usa.visa.com/content/dam/VCOM/global/about-visa/documents/visa-2020-esg-report.pdf",$21 500 000 000,$10 360 000 000
123,SAP         ,IT Software & Services,Germany,N/A,N/A,N/A,N/A,N/A,,N/A,,,,#VALUE!,#VALUE!,,,#VALUE!,,,https://www.sap.com/docs/download/investors/2020/sap-2020-annual-report-form-20f.pdf,$31 700 000 000,$6 290 000 000
124,Thermo Fisher Scientific       ,Health Care Equipment & Services,United States,N/A,N/A,N/A,N/A,N/A,,N/A,,,,#VALUE!,#VALUE!,,,#VALUE!,,,https://corporate.thermofisher.com/content/dam/tfcorpsite/documents/corporate-social-responsibility/2020%20CSR%20Report%20Serving%20Science%20Serving%20Society.pdf,$32 200 000 000,$6 380 000 000
125,China Pacific Insurance       ,Insurance,China,N/A,N/A,N/A,N/A,N/A,,N/A,,,,#VALUE!,#VALUE!,,,#VALUE!,,,https://www.cpic.com.cn/upload/resources/file/2021/05/31/56738.pdf,$61 200 000 000,$3 550 000 000
126,Lowe's         ,Retailing,United States,485 000 ,1 624 000,--,541 000,1 430 000,1 971 000,--,,$2 948,,#REF!,#VALUE!,,#REF!,#VALUE!,,,"2020 CORPORATE RESPONSIBILITY REPORT, page 42 https://corporate.lowes.com/sites/lowes-corp/files/CSR-reports/Lowes_2020CSR__FINAL_ADA.pdf",$89 600 000 000,$5 810 000 000
127,BlackRock         ,Diversified Financials,United States,6 160 ,28 531,344 201,3 278,19 363,22 641,400 902,423 543,$234 972,$12 561,#REF!,#REF!,#REF!,#REF!,#REF!,23,$126,"BlackRock 2021 TCFD Report, Page 37 https://www.blackrock.com/corporate/literature/continuous-disclosure-and-important-information/tcfd-report-2021-blkinc.pdf",$18 100 000 000,$5 320 000 000
128,China Citic Bank       ,Banking,China,N/A,N/A,N/A,N/A,N/A,,N/A,,,,#VALUE!,#VALUE!,,,#VALUE!,,,"2020 Sustainability, https://www.citicbank.com/about/investor_1011/notice/hshare/202104/P020210429647169692517.pdf",$50 400 000 000,$7 100 000 000
129,Mizuho Financial        ,Banking,Japan,14 756 ,168 522,5 396,13 999,156 877,170 876,1 375,172 251,$21 887,$21 713,#REF!,#REF!,#REF!,#REF!,#REF!,6,$217,"Sustainability, page 104 https://www.mizuhogroup.com/binaries/content/assets/pdf/mizuhoglobal/investors/financial-information/annual/2021-integrated-report/data2103_all.pdf",$30 300 000 000,$3 740 000 000
130,Deutsche Post        ,Transportation,Germany,6 270 000 ,210 000,26 720 000,6 590 000,190 000,6 780 000,26 860 000,33 640 000,$501,$101,#REF!,#REF!,#REF!,#REF!,#REF!,441,$1,"2021 ESG Presentation – ESG, Page 21 https://www.dpdhl.com/content/dam/dpdhl/en/media-center/investors/documents/presentations/2021/DPDHL-ESG-Presentation-2021.pdf",$76 200 000 000,$3 400 000 000
131,Medtronic         ,Health Care Equipment & Services,Ireland,62 900 ,225 800,--,61 800,218 700,280 500,-,,$10 303,,#REF!,#VALUE!,,#REF!,#VALUE!,,,"2021-integrated-report, page 31 https://www.medtronic.com/content/dam/medtronic-wide/public/brand-corporate-assets/resources/2021-integrated-report_corpmark_mdt.pdf",$27 900 000 000,$2 890 000 000
132,Caterpillar         ,Capital Goods,United States,905 000 ,1 795 000,--,700 000,830 000,1 530 000,--,,$1 961,,#REF!,#VALUE!,,#REF!,#VALUE!,,,"2020_Caterpillar_Sustainability_Report, page 37 https://reports.caterpillar.com/sr/2020_Caterpillar_Sustainability_Report.pdf?_ga=2.210168981.1422333215.1647099327-1842983810.1647099327",$41 700 000 000,$3 000 000 000
133,Hitachi         ,Conglomerates,United States,N/A,N/A,N/A,1220000,2090000,,69060000,,,,#REF!,#REF!,,,#REF!,,,"en_sustainability2021, Page 69 https://www.hitachi.com/sustainability/download/pdf/en_sustainability2021.pdf",$78 700 000 000,$3 190 000 000
134,Lockheed Martin        ,Aerospace & Defense,United States,N/A,N/A,N/A,N/A,N/A,,N/A,,,,#VALUE!,#VALUE!,,,#VALUE!,,,https://sustainability.lockheedmartin.com/sustainability/content/Lockheed_Martin_2020_Sustainability_Report.pdf,$65 400 000 000,$6 830 000 000
135,Generali Group        ,Insurance,Italy,N/A,N/A,N/A,35438,47433,,38128,,,,#REF!,#REF!,,,#REF!,,,https://www.generali.com/our-responsibilities/our-commitment-to-the-environment-and-climate/greenhouse-gas-emissions,$90 000 000 000,$1 990 000 000
136,Target         ,Retailing,United States,752 552 ,3 226 580,55 787 000,699 877,1 492 000,2 191 877,64 789 000,66 980 877,$1 994,$65,#REF!,#REF!,#REF!,#REF!,#REF!,716,$1,"2021 Target Corporate Responsibility Report, page 80 and 81 https://corporate.target.com/_media/TargetCorp/Sustainability-ESG/PDF/2021_Target_Corporate-Responsibility-Report.pdf",$93 600 000 000,$4 370 000 000
137,Deere & Company       ,Capital Goods,United States,388 500 ,588 700,--,343 500,497 000,840 500,--,,$4 117,,#REF!,#VALUE!,,#REF!,#VALUE!,,,"sustainability-report-2021, page 64 https://www.deere.com/assets/pdfs/common/our-company/sustainability/sustainability-report-2021.pdf",$37 000 000 000,$3 460 000 000
138,Honeywell International        ,Conglomerates,United States,1 384 849 ,951 982,--,1 387 727,860 579,2 248 306,--,,$2 126,,#REF!,#VALUE!,,#REF!,#VALUE!,,,"Corporate Citizenship Report 2021, page 57 https://www.honeywell.com/content/dam/honeywellbt/en/documents/downloads/Hon-Corporate-Citizenship-Report.pdf",$32 600 000 000,$4 780 000 000
139,SAIC Motor        ,Consumer Durables,China,N/A,N/A,N/A,N/A,N/A,,N/A,,,,#VALUE!,#VALUE!,,,#VALUE!,,,https://www.saicmotor.com/english/images/investor_relations/annual_report/2021/8/6/C764301F93D64F7FA65D07F86FF15020.pdf,$106 700 000 000,$2 960 000 000
140,Country Garden Holdings       ,Construction,China,23 638 ,526 767,--,17 879,316 353,334 232,--,,$15 229,,#REF!,#VALUE!,,#REF!,#VALUE!,,,"2020 SUSTAINABILITY REPORT, page 109 https://www.bgy.com.cn/upload/file/2021-06-28/aec49441-f3a3-4c5a-98db-b97fc045ad0c.pdf",$67 300 000 000,$5 090 000 000
141,ANZ         ,Banking,Australia,N/A,N/A,N/A,N/A,N/A,,N/A,,,,#VALUE!,#VALUE!,,,#VALUE!,,,https://www.anz.com.au/content/dam/anzcomau/documents/pdf/aboutus/esg/esg-reporting/2021-esp-supplement-A.pdf,$20 300 000 000,$2 420 000 000
141,Charles Schwab        ,Diversified Financials,United States,N/A,N/A,N/A,N/A,N/A,,N/A,,,,#VALUE!,#VALUE!,,,#VALUE!,,,https://content.schwab.com/web/retail/public/about-schwab/schwab_annual_report_2020.pdf,$13 800 000 000,$3 990 000 000
143,Barclays         ,Banking,United Kingdom,24 276 ,185 743,68 137,21 512,148 658,170 170,19 134,189 304,$11 518,$10 354,#REF!,#REF!,#REF!,#REF!,#REF!,7,$104,"2019, page 40 https://home.barclays/content/dam/home-barclays/documents/citizenship/ESG/Barclays-PLC-ESG-Report-2019.pdf ; 2020, page 160 https://home.barclays/content/dam/home-barclays/documents/investor-relations/reports-and-events/annual-reports/2021/Barclays-PLC-Annual-Report-2021.pdf",$27 900 000 000,$1 960 000 000
144,Broadcom         ,Semiconductors,United States,--,--,--,114096,128076,,--,,,,#REF!,#VALUE!,,,#VALUE!,,,"Broadcom 2021 Environmental, Social & Governance Report, page 38 https://docs.broadcom.com/doc/environment-social-governance-report",$24 700 000 000,$3 950 000 000
145,Munich Re        ,Insurance,Germany,44 023 ,91 039,27 144,44 105,51 933,96 038,6 890,102 928,$14 369,$13 407,#REF!,#REF!,#REF!,#REF!,#REF!,1,$134,"CR-Report-2020, page 94 https://www.munichre.com/content/dam/munichre/contentlounge/website-pieces/documents/CR-Report-2020.pdf/_jcr_content/renditions/original./CR-Report-2020.pdf",$73 900 000 000,$1 380 000 000
146,Enbridge         ,Oil & Gas Operations,Canada,6 962 000 ,6 489 000,50 902 600,6 853 000,5 827 000,12 680 000,47 477 400,60 157 400,$198,$42,#REF!,#REF!,#REF!,#REF!,#REF!,2 133,$0,"Enbridge 2020 Sustainability Report, page 25 https://www.enbridge.com/~/media/Enb/Documents/Reports/Sustainability%20Report%202020/Enbridge_SR_2020.pdf",$28 200 000 000,$2 510 000 000
146,ING Group        ,Diversified Financials,Netherlands,N/A,N/A,N/A,N/A,N/A,,N/A,,,,#VALUE!,#VALUE!,,,#VALUE!,,,file:///C:/Users/muham/Downloads/2021-ING-Climate-Report.pdf,$20 100 000 000,$2 830 000 000
148,China Minsheng Bank       ,Banking,China,10 177 ,77 185,--,9 829,69 937,79 766,--,,$61 555,,#REF!,#VALUE!,,#REF!,#VALUE!,,,"2019, page 33 file:///C:/Users/muham/Downloads/2019%20ESG%20REPORT.pdf ; 2020, page 31 file:///C:/Users/muham/Downloads/%E6%B0%91%E7%94%9F%E9%93%B6%E8%A1%8C2020%E5%B9%B4%E5%BA%A6ESG%E6%8A%A5%E5%91%8A%E7%BB%88%E7%A8%BF%EF%BC%88%E8%8B%B1%E6%96%87%E7%89%88%EF%BC%89.pdf",$49 000 000 000,$4 910 000 000
149,Linde         ,Chemicals,United Kingdom,16 461 000 ,22 250 000,15 412 000,16 247 000,20 969 000,37 216 000,14 403 000,51 619 000,$67,$48,#REF!,#REF!,#REF!,#REF!,#REF!,1 898,$0,"sustainable-development-report, page 62 https://www.linde.com/-/media/linde/merger/documents/sustainable-development/2020/sustainable-development-report.pdf",$27 200 000 000,$2 500 000 000
150,Amgen         ,Drugs & Biotechnology,United States,98 105 ,174 000,3 057 260,117 947,149 914,267 861,2 895 330,3 163 191,$27 104,$2 295,#REF!,#REF!,#REF!,#REF!,#REF!,126,$23,"2019_summary_of_data, page 16 https://www.amgen.com/responsibility/reporting-and-metrics/-/media/Themes/CorporateAffairs/amgen-com/amgen-com/downloads/responsibility-report/2019_summary_of_data.pdf ; 2020, page 15 https://www.amgen.com/responsibility/reporting-and-metrics/-/media/Themes/CorporateAffairs/amgen-com/amgen-com/downloads/responsibility-report/2020_summary_of_data.pdf",$25 200 000 000,$7 260 000 000
151,Allstate         ,Insurance,United States,39 200 ,161 100,8 900,20 849,77 818,98 667,7 800,106 467,$56 453,$52 317,#REF!,#REF!,#REF!,#REF!,#REF!,2,$523,"Allstate_ESGDataDownload2020, page 1 https://www.allstatesustainability.com/content/documents/Allstate_ESGDataDownload2020.pdf?v2021-08-06",$44 800 000 000,$5 570 000 000
152,PayPal         ,Business Services & Supplies,United States,6 500 ,46 600,59 600,3 000,22 100,25 100,13 600,38 700,$167 331,$108 527,#REF!,#REF!,#REF!,#REF!,#REF!,2,$1 085,"PayPal-2020-Global-Impact-Report, page 48 https://s26.q4cdn.com/519805829/files/doc_downloads/PayPal-2020-Global-Impact-Report-update.pdf",$21 400 000 000,$4 200 000 000
153,Orange         ,Telecommunications Services,France,295 636 ,1 007 045,60 111,324 692,994 582,1 319 274,14 700,1 333 974,$4 169,$4 123,#REF!,#REF!,#REF!,#REF!,#REF!,28,$41,"orange_integratedannualreport_2020, page 68 https://rai2020.orange.com/wp-content/uploads/sites/44/2021/07/orange_integratedannualreport_2020_en_2.pdf",$48 200 000 000,$5 500 000 000
154,Hyundai Motor        ,Consumer Durables,South Korea,807 498 ,1 897 885,115 849 030,716 237,1 680 079,2 396 316,93 881 255,96 277 571,$505,$13,#REF!,#REF!,#REF!,#REF!,#REF!,1 093,$0,"hmc-2021-sustainability-report, page 22 https://www.hyundai.com/content/hyundai/ww/data/csr/data/0000000049/attach/english/hmc-2021-sustainability-report-en-v6.pdf",$88 100 000 000,$1 210 000 000
154,Banco Bradesco        ,Banking,Brazil,N/A,N/A,N/A,N/A,N/A,,N/A,,,,#VALUE!,#VALUE!,,,#VALUE!,,,https://banco.bradesco/assets/classic/pdf/sustentabilidade/ESG%20Management%20and%20Engagement_1.pdf,$26 700 000 000,$3 210 000 000
156,Danaher         ,Conglomerates,United States,140 743 ,205 250,--,116 770,196 000,312 770,--,,$11 670,,#REF!,#VALUE!,,#REF!,#VALUE!,,,"Danaher-2021-Sustainability-Report, page 91 https://sustainability.danaher.com/images/Danaher-2021-Sustainability-Report.pdf",$22 300 000 000,$3 650 000 000
157,Westpac Banking Group       ,Banking,Australia,7 018 ,107 450,83 243,5 694,95 786,101 480,88 588,190 068,$15 274,$8 155,#REF!,#REF!,#REF!,#REF!,#REF!,9,$82,"Guidance - Organisations - Public Disclosure Statement, page 6 https://www.westpac.com.au/content/dam/public/wbc/documents/pdf/aw/sustainability/2020_Climate_Active_Public_Disclosure_Statement.pdf",$21 900 000 000,$1 550 000 000
158,L'Oréal         ,Household & Personal Products,France,N/A,N/A,N/A,N/A,N/A,,N/A,,,,#VALUE!,#VALUE!,,,#VALUE!,,,https://www.loreal.com/-/media/project/loreal/brand-sites/corp/master/lcorp/documents-media/publications/commitments/bilanges2020lorealen.pdf,$31 900 000 000,$4 060 000 000
159,Petrobras         ,Oil & Gas Operations,Brazil,N/A,N/A,N/A,N/A,N/A,,N/A,,,,#VALUE!,#VALUE!,,,#VALUE!,,,https://petrobras.com.br/data/files/E8/97/B4/61/5E56F7105FC7BCD7E9E99EA8/11_PET_clima_ingles_2022_fz.pdf,$52 700 000 000,$1 380 000 000
160,NextEra Energy        ,Utilities,United States,45 645 691 ,--,--,43 311 568,14 539,43 326 107,6 017,43 332 124,$67,$67,#REF!,#REF!,#REF!,#REF!,#REF!,2 519,$1,"2020 NEE ESG Report, page 77 https://www.nexteraenergy.com/pdf/2020%20NEE%20ESG%20Report.pdf",$17 200 000 000,$2 920 000 000
161,AstraZeneca         ,Drugs & Biotechnology,United Kingdom,269 647 ,386 315,5 716 412,240 052,207 005,447 057,5 985 733,6 432 790,$7 136,$496,#REF!,#REF!,#REF!,#REF!,#REF!,232,$5,"Sustainability_Data_Summary_2021, page 5,6 https://www.astrazeneca.com/content/dam/az/Sustainability/2022/pdf/Sustainability_Data_Summary_2021.pdf",$27 700 000 000,$3 190 000 000
162,China Everbright Bank       ,Banking,China,8 992 913 ,344 331,13 554,10 717 354,454 575,11 171 929,42 076,11 214 005,$491,$489,#REF!,#REF!,#REF!,#REF!,#REF!,302,$5,"sr2020, page 93 https://www.cebenvironment.com/tc/csr/sustainability/sr2020.pdf",$37 100 000 000,$5 480 000 000
163,Salesforce.com         ,IT Software & Services,United States,5 511 ,309 749,171 960,6 613,320 772,327 385,198 416,525 801,$12 432,$7 741,#REF!,#REF!,#REF!,#REF!,#REF!,25,$77,"sustainability-FY20-stakeholder-impact-report, page 63 https://www.salesforce.com/news/wp-content/uploads/sites/3/2020/08/sustainability-FY20-stakeholder-impact-report.pdf",$21 300 000 000,$4 070 000 000
164,Oversea-Chinese Banking        ,Banking,Singapore,N/A,N/A,N/A,N/A,N/A,,N/A,,,,#VALUE!,#VALUE!,,,#VALUE!,,,https://www.ocbc.com/iwov-resources/sg/ocbc/gbc/pdf/ocbc%20sustainability%20report%202020.pdf,$24 500 000 000,$2 600 000 000
165,Aviva         ,Insurance,Venezuela,14 207 ,21 340,14 628,11 749,17 834,29 583,5 081,34 664,$120 001,$102 412,#REF!,#REF!,#REF!,#REF!,#REF!,1,$1 024,"2020 Sustainability Summary, page 11 file:///C:/Users/muham/Downloads/sustainability-summary-kpi-sheet-and-limited-assurance-statement-2020.pdf",$59 000 000 000,$3 550 000 000
165,United Parcel Service       ,Transportation,United States,--,--,--,15751,749,,21437,,,,#REF!,#REF!,,,#REF!,,,"2020_UPS_TCFD_Report_081921, page 5 https://about.ups.com/content/dam/upsstories/assets/reporting/sustainability-2021/2020_UPS_TCFD_Report_081921.pdf",$84 400 000 000,$1 430 000 000
167,Progressive         ,Insurance,United States,N/A,N/A,N/A,N/A,N/A,,N/A,,,,#VALUE!,#VALUE!,,,#VALUE!,,,"https://s24.q4cdn.com/447218525/files/doc_downloads/2021/Progressive_2020CSReport.pdf#page=48&zoom=100,0,0",$42 600 000 000,$5 700 000 000
168,NAB - National Australia Bank     ,Banking,Australia,N/A,N/A,N/A,N/A,N/A,,N/A,,,,#VALUE!,#VALUE!,,,#VALUE!,,,https://www.nab.com.au/content/dam/nab/documents/reports/corporate/2021-annual-review.pdf,$18 400 000 000,$1 730 000 000
169,Accenture         ,IT Software & Services,Ireland,20 859 ,236 644,1 028 073,13 945,162 983,176 928,677 994,854 922,$30 860,$6 387,#REF!,#REF!,#REF!,#REF!,#REF!,19,$64,"Performance Data Table, Page 4 https://www.accenture.com/_acnmedia/PDF-149/Accenture-UNGC-Performance-Data-Table.pdf#zoom=40",$45 700 000 000,$5 460 000 000
170,Southern Company        ,Utilities,United States,88 200 000 ,200 000,38 800 000,75 100 000,200 000,75 300 000,36 600 000,111 900 000,$42,$28,#REF!,#REF!,#REF!,#REF!,#REF!,5 540,$0,"Southern Company ESG Data Table, page 1 https://www.southerncompany.com/content/dam/southerncompany/pdfs/about/governance/reports/Southern_Company_Data_Download.pdf",$20 200 000 000,$3 130 000 000
171,Canadian Imperial Bank       ,Banking,Canada,23 172 ,37 110,29 204,22 149,35 041,57 190,15 451,72 641,$54 905,$43 226,#REF!,#REF!,#REF!,#REF!,#REF!,4,$432,"GHG Emissions Performance Table 2020, page 1 https://www.cibc.com/content/dam/cibc-public-assets/about-cibc/corporate-responsibility/environment/documents/ghg-emissions-performance-table-en.pdf",$17 600 000 000,$3 140 000 000
172,China Shenhua Energy       ,Materials,China,151 510 000 ,5 890 000,--,126 680 000,8 220 000,134 900 000,--,,$38,,#REF!,#VALUE!,,#REF!,#VALUE!,,,"2020 Environmental, Social and Governance Report, Page 95 http://www.csec.com/zgshwwEn/csrrpt2020/202103/72e4f8a7bfa94686b23cacbdf7c2ca87/files/ba0dc29d97e04253afc4e850db3d15ea.pdf",$33 900 000 000,$5 150 000 000
173,SK Hynix        ,Semiconductors,South Korea,103 208 ,4 706 167,88 959,106 640,4 829 381,4 936 021,99 765,5 035 786,$816,$800,#REF!,#REF!,#REF!,#REF!,#REF!,187,$8,"SK hynix 2021 Sustainability Report, page 105 file:///C:/Users/muham/Downloads/2834063118223694.pdf",$27 000 000 000,$4 030 000 000
174,Philip Morris International       ,"Food, Drink & Tobacco",United States,437 849 ,174 905,24 975 982,322 633,90 366,412 999,3 590 000,4 002 999,$19 467,$2 008,#REF!,#REF!,#REF!,#REF!,#REF!,139,$20,"PMI Integrated Report 2020, page 140 https://pmidotcom3-prd.s3.amazonaws.com/docs/default-source/pmi-sustainability/pmi-integrated-report-2020.pdf?sfvrsn=f17a78b7_6",$28 700 000 000,$8 040 000 000
175,VINCI         ,Construction,France,N/A,N/A,N/A,N/A,N/A,,N/A,,,,#VALUE!,#VALUE!,,,#VALUE!,,,https://www.vinci.com/commun/presentations.nsf/8C39E84886E5124FC12585850055CC48/$file/vinci-esg-june-2020.pdf,$50 100 000 000,$1 410 000 000
176,Mondelez International        ,"Food, Drink & Tobacco",United States,--,--,24975982,--,--,,25445917,,,,#VALUE!,#VALUE!,,,#VALUE!,,,"020_MDLZ_Snacking_Made_Right_Report, page 34 020_MDLZ_Snacking_Made_Right_Report",$26 600 000 000,$3 570 000 000
177,Lloyds Banking Group       ,Banking,United Kingdom,48 246 ,107 410,53 225,39 107,87 783,126 890,32 597,159 487,$8 748,$6 960,#REF!,#REF!,#REF!,#REF!,#REF!,4,$70,"ESG report 2020, page 36 https://www.lloydsbankinggroup.com/assets/pdfs/who-we-are/responsible-business/downloads/lbg-esg-interactive-210223.pdf",$43 400 000 000,$1 110 000 000
178,Mitsui         ,Trading Companies,Japan,3 189 000 ,587 000,52 000,3 298 000,570 000,3 868 000,32 046 000,35 914 000,$618,$67,#REF!,#REF!,#REF!,#REF!,#REF!,600,$1,"Sustainability Report 2021, page 131 https://www.mitsui.com/jp/en/sustainability/sustainabilityreport/2021/pdf/en_sustainability_2021.pdf",$59 900 000 000,$2 390 000 000
179,Union Pacific        ,Transportation,United States,10 674 091 ,315 994,17 084,8 979 288,301 504,9 280 792,2 844 836,12 125 628,$576,$441,#REF!,#REF!,#REF!,#REF!,#REF!,622,$4,"2020_build_america_rep, page 26 https://www.up.com/cs/groups/public/@uprr/@corprel/documents/up_pdf_nativedocs/pdf_up_2020_build_america_rep.pdf ; page 6 https://www.up.com/cs/groups/public/@uprr/@corprel/documents/up_pdf_nativedocs/pdf_up_2021_climate_action_pln.pdf",$19 500 000 000,$5 350 000 000
180,3M         ,Conglomerates,United States,4 464 360 ,1 962 114,9 832 616,3 600 000,1 680 000,5 280 000,9 278 000,14 558 000,$1 019,$370,#REF!,#REF!,#REF!,#REF!,#REF!,452,$4,https://multimedia.3m.com/mws/media/2006066O/2021-sustainability-report.pdf,$32 200 000 000,$5 380 000 000
180,The CK Hutchison Group   ,Conglomerates,Hong Kong,302 521 ,210 795,--,272 475,175 587,448 062,--,,$8 392,,#REF!,#VALUE!,,#REF!,#VALUE!,,,"Sustainability, page 32 https://doc.irasia.com/listco/hk/ckh/annual/2020/esr.pdf",$34 300 000 000,$3 760 000 000
182,ICICI Bank        ,Banking,India,16 000 ,127 000,--,17 000,128 000,145 000,--,,$13 724,,#REF!,#VALUE!,,#REF!,#VALUE!,,,"img_ICICI-Bank-ESG-Report-2021, page 49 file:///C:/Users/muham/Downloads/img_ICICI-Bank-ESG-Report-2021.pdf",$21 300 000 000,$1 990 000 000
183,Midea Group        ,Consumer Durables,China,N/A,N/A,N/A,N/A,N/A,,N/A,,,,#VALUE!,#VALUE!,,,#VALUE!,,,https://www.midea-group.com/asset/Midea-Group/Midea-Group---Humanizing-Technology---Annual-Report-2020---30Apr2021.pdf,$39 100 000 000,$3 560 000 000
184,Exelon         ,Utilities,United States,9 395 000 ,6 103 000,180 732 000,8 493 000,5 228 000,13 721 000,178 659 000,192 380 000,$143,$10,#REF!,#REF!,#REF!,#REF!,#REF!,5 760,$0,"dwnld_Exelon_CSR, page 142 https://www.exeloncorp.com/sustainability/Documents/dwnld_Exelon_CSR%20(1).pdf",$33 400 000 000,$1 960 000 000
185,Credit Suisse Group       ,Banking,Switzerland,11 214 ,117 874,95 523,10 773,78 537,89 310,26 466,115 776,$31 799,$24 530,#REF!,#REF!,#REF!,#REF!,#REF!,4,$245,"Sustainability Report 2021, page 62 file:///C:/Users/muham/Downloads/csg-sr-2021-en.pdf",$32 600 000 000,$2 840 000 000
186,Eli Lilly        ,Drugs & Biotechnology,United States,192 000 ,596 000,235 000,159 000,551 000,710 000,176 000,886 000,$8 718,$6 986,#REF!,#REF!,#REF!,#REF!,#REF!,36,$70,https://esg.lilly.com/environmental,$24 500 000 000,$6 190 000 000
187,CNOOC         ,Oil & Gas Operations,Hong Kong,N/A,N/A,N/A,N/A,N/A,,N/A,,,,#VALUE!,#VALUE!,,,#VALUE!,,,https://www.cnoocltd.com/attach/0/1f327d785d4b4fb4bb704eda72ae190a.pdf,$22 500 000 000,$3 630 000 000
188,Legal & General Group      ,Insurance,United States,15 226 ,26 731,7 594,15 163,21 441,36 604,5 021,41 625,$56 005,$49 249,#REF!,#REF!,#REF!,#REF!,#REF!,1,$492,"data-centre-2020, page 20 https://group.legalandgeneral.com/media/kr2gmdd3/data-centre-2020.pdf",$64 400 000 000,$2 050 000 000
189,Aflac         ,Insurance,United States,N/A,N/A,N/A,N/A,N/A,,N/A,,,,#VALUE!,#VALUE!,,,#VALUE!,,,https://esg.aflac.com/storage/downloads/2022-03-13/Aflac%20ESG%20Report%20-%201647168496.pdf,$22 100 000 000,$4 780 000 000
190,China Resources Land       ,Construction,Hong Kong,N/A,N/A,N/A,N/A,N/A,,N/A,,,,#VALUE!,#VALUE!,,,#VALUE!,,,https://en.crland.com.hk/mReport_25944/202104/P020210428584729626459.pdf,$27 100 000 000,$4 340 000 000
191,BBVA-Banco Bilbao Vizcaya       ,Banking,Spain,17 092 ,546 521,56 700,12 467,286 000,298 467,7 506,305 973,$4 992,$4 870,#REF!,#REF!,#REF!,#REF!,#REF!,9,$49,"Portada_y_Portadillas_Informe_Anual_2020, page 99 https://shareholdersandinvestors.bbva.com/wp-content/uploads/2021/02/Annual-Report-2020_ENG_1.pdf",$32 900 000 000,$1 490 000 000
192,HCA Healthcare        ,Health Care Equipment & Services,United States,N/A,N/A,N/A,N/A,N/A,N/A,N/A,,,,#VALUE!,#VALUE!,,,#VALUE!,,,https://hcahealthcare.com/util/documents/2021/2021-Document-HCA-Healthcare-2021-Sustainability-Report-a.pdf,$51 500 000 000,$3 750 000 000
193,Duke Energy        ,Utilities,United States,93 000 ,N/A,N/A,N/A,N/A,N/A,N/A,,#VALUE!,#VALUE!,#VALUE!,#VALUE!,,#VALUE!,#VALUE!,,,https://desitecoreprod-cd.azureedge.net/_/media/pdfs/our-company/climate-report-2020.pdf?la=en&rev=45b5aec13ca1407084733f90e0d0847a,$23 900 000 000,$1 380 000 000
194,América Móvil        ,Telecommunications Services,Mexico,N/A,N/A,N/A,N/A,N/A,N/A,N/A,,,,#VALUE!,#VALUE!,,,#VALUE!,,,https://s22.q4cdn.com/604986553/files/doc_downloads/2021/05/2020-Sustainability-Report.pdf,$47 300 000 000,$2 180 000 000
195,Takeda Pharmaceutical        ,Drugs & Biotechnology,Japan,367 069 ,625 010,4 346 413,--,--,--,--,,#VALUE!,#VALUE!,#VALUE!,#VALUE!,,#VALUE!,#VALUE!,,,"takeda2020sustainabilityreport, page 32 https://www.takeda.com/48f1a6/siteassets/system/corporate-responsibility/sustainable-value-report/takeda2020sustainabilityreport_en.pdf",$30 000 000 000,$1 690 000 000
196,DBS         ,Banking,Singapore,136 ,37 304,15 755,992,40 724,41 716,13 008,54 724,$81 983,$62 495,#REF!,#REF!,#REF!,#REF!,#REF!,4,$625,"2019, page 24 https://www.dbs.com/iwov-resources/images/sustainability/reporting/pdf/DBS%20Sustainability%20Report%202019%2020200306.pdf?pid=sg-group-pweb-sustainability-pdf-dbs-sustainability-report-2019 ; 2020, page 50 https://links.sgx.com/FileOpen/DBS%20Sustainability%20Report%202020.ashx?App=Announcement&FileID=651247",$13 200 000 000,$3 420 000 000
197,Bank of New York Mellon     ,Banking,United States,8 930 ,147 270,16 099,6 524,121 708,128 232,2 490,130 722,$27 762,$27 233,#REF!,#REF!,#REF!,#REF!,#REF!,8,$272,"2019, page 99 https://www.bnymellon.com/content/dam/bnymellon/documents/pdf/2019-csr-report.pdf.coredownload.pdf ; 2020, page 89 https://www.bnymellon.com/content/dam/bnymellon/documents/pdf/2020-enterprise-esg-report.pdf.coredownload.pdf",$15 900 000 000,$3 560 000 000
198,Longfor Group Holdings       ,Construction,China,--,--,--,10775,538611,,--,,,,#REF!,#VALUE!,,,#VALUE!,,,"Sustainability Report, page 44 https://www.longfor.com/upload/file/2021-05-31/da40270f-e94e-4595-b13f-3c62d48a77fd.pdf",$27 000 000 000,$2 920 000 000
199,Schneider Electric        ,Capital Goods,France,N/A,N/A,N/A,N/A,N/A,,N/A,,,,#VALUE!,#VALUE!,,,#VALUE!,,,https://download.schneider-electric.com/files?p_enDocType=Brochure&p_File_Name=SD+Report+-+EN.pdf&p_Doc_Ref=SustainabilityReport2020EN,$28 700 000 000,$2 420 000 000
200,Travelers         ,Insurance,United States,26 175 ,30 831,19 642,14 881,24 149,39 030,6 245,45 275,$68 665,$59 194,#REF!,#REF!,#REF!,#REF!,#REF!,1,$592,"2020 Travelers Sustainability Report, page 84 https://sustainability.travelers.com/downloads/Travelers_SustainabilityReport2020.pdf",$32 000 000 000,$2 680 000 000
201,McDonald's         ,"Hotels, Restaurants & Leisure",United States,117 985 ,542 462,58 373 603,107 362,475 531,582 893,59 199 519,59 782 412,$8 115,$79,#REF!,#REF!,#REF!,#REF!,#REF!,3 114,$1,"2019 ESG Reporting, page 85 https://corporate.mcdonalds.com/content/dam/gwscorp/assets/ourpurposeimpact/McDonalds_ESGReporting_WebsiteArchive_2019.pdf ; 2020 https://corporate.mcdonalds.com/corpmcd/our-purpose-and-impact/our-planet/climate-action.html#:~:text=As%20of%20the%20end%20of,the%20way%20toward%20our%20target.",$19 200 000 000,$4 730 000 000
201,Poly Developments & Holdings Group     ,Construction,China,--,--,--,670,11712,,12382,,,,#REF!,#REF!,,,#REF!,,,"Poly Corporate Social Responbility - 2020 Report, page 19 https://www.poly.com/content/dam/www/company/csr/doc/Poly-CSR-Report-2020-en.pdf ; 2019 https://www.poly.com/content/dam/www/company/csr/doc/Poly-CSR-Report-2019-en.pdf",$34 300 000 000,$3 450 000 000
203,Tokio Marine Holdings       ,Insurance,Japan,17 478 ,62 100,31 594,13 163,53 977,67 140,22 754,89 894,$20 405,$15 240,#REF!,#REF!,#REF!,#REF!,#REF!,2,$152,"sustainability_web_2021, page 190 https://www.tokiomarinehd.com/en/sustainability/pdf/sustainability_web_2021_2.pdf",$49 700 000 000,$1 370 000 000
204,China Telecom        ,Telecommunications Services,China,210 000 ,13 340 000,--,210 000,13 550 000,13 760 000,--,,$218,,#REF!,#VALUE!,,#REF!,#VALUE!,,,"annual2020, page 117 https://www.chinatelecom-h.com/en/ir/report/annual2020.pdf",$57 000 000 000,$3 000 000 000
205,Nike         ,Household & Personal Products,United States,102 985 ,10 300 796,3 583 331,47 395,159 266,206 661,11 500 000,11 706 661,$16 597,$293,#REF!,#REF!,#REF!,#REF!,#REF!,304,$3,"Impact-Report1, page 45, https://purpose-cms-preprod01.s3.amazonaws.com/wp-content/uploads/2021/03/30191542/FY20-NIKE-Inc.-Impact-Report1.pdf",$38 500 000 000,$3 430 000 000
206,Qualcomm         ,Semiconductors,United States,82 993 ,125 729,123 736,123 986,223 821,347 807,2 982 131,3 329 938,$19 350,$2 021,#REF!,#REF!,#REF!,#REF!,#REF!,125,$20,"2021-qualcomm-corporate-responsibility-report, page 41, https://www.qualcomm.com/media/documents/files/2021-qualcomm-corporate-responsibility-report.pdf",$26 700 000 000,$6 730 000 000
207,Centene         ,Drugs & Biotechnology,United States,17 510 ,113 048,--,13 864,140 658,154 522,--,,$11 714,,#REF!,#VALUE!,,#REF!,#VALUE!,,,"TCFD Report 2021, page 24 https://www.centene.com/content/dam/centenedotcom/documents/CNC_TCFDReporting_082021_508.pdf",$111 100 000 000,$1 810 000 000
208,Micron Technology        ,Semiconductors,United States,3 521 380 ,3 861 145,--,3 281 887,3 859 402,7 141 289,--,,$448,,#REF!,#VALUE!,,#REF!,#VALUE!,,,"2021 Sustainability Report, page 77, https://media-www.micron.com/-/media/client/global/documents/general/about/micron_sustainability-report-fy21-final.pdf",$23 500 000 000,$3 200 000 000
209,Cathay Financial        ,Insurance,Taiwan,N/A,N/A,N/A,N/A,N/A,,N/A,,,,#VALUE!,#VALUE!,,,#VALUE!,,,file:///C:/Users/muham/Downloads/2020csrReport%20(3).pdf,$37 900 000 000,$2 530 000 000
210,EDF         ,Utilities,France,33 000 000 ,300 000,119 000 000,28 000 000,300 000,28 300 000,107 000 000,135 300 000,$26,$5,#REF!,#REF!,#REF!,#REF!,#REF!,1 719,$0,"URD 2020 including the 2020 financial report, page 137 https://www.edf.fr/sites/groupe/files/contrib/groupe-edf/espaces-dedies/espace-finance-en/financial-information/regulated-information/urd/edf-urd-annual-financial-report-2020-en.pdf",$78 700 000 000,$741 000 000
211,Fubon Financial        ,Insurance,Taiwan,4 797 ,44 141,11 691,3 553,41 272,44 825,8 927,53 752,$68 489,$57 114,#REF!,#REF!,#REF!,#REF!,#REF!,2,$571,"Fubon_CSRreport_2020, page 37 https://www.fubon.com/financialholdings/en/citizenship/downloadlist/downloadlist/Fubon_CSRreport_2020_EN.pdf",$35 200 000 000,$3 070 000 000
212,Sun Life Financial       ,Diversified Financials,Canada,21 970 ,40 167,15 676,18 971,34 759,53 730,14 056,67 786,$34 618,$27 439,#REF!,#REF!,#REF!,#REF!,#REF!,3,$274,"Sustainability Report 2020, page 55, https://www.sunlife.com/content/dam/sunlife/regional/global-marketing/documents/com/sustainability-report-2020-e.pdf",$27 000 000 000,$1 860 000 000
213,General Dynamics        ,Aerospace & Defense,United States,N/A,N/A,N/A,N/A,N/A,,N/A,,,,#VALUE!,#VALUE!,,,#VALUE!,,,https://www.gd.com/-/media/GD-Corporate/Responsibility/gd-2020-sustainability-report.ashx,$37 900 000 000,$3 170 000 000
214,Møller-Maersk         ,Transportation,Denmark,36 204 000 ,287 000,--,33 902 000,642 000,34 544 000,19 017 000,53 561 000,$81,$52,#REF!,#REF!,#REF!,#REF!,#REF!,1 353,$1,"APMM Sustainability Report 2020, page 23 file:///C:/Users/muham/Downloads/APMM%20Sustainability%20Report%202020%20A3.pdf",$39 600 000 000,$2 790 000 000
215,Volvo Group        ,Consumer Durables,Sweden,232 587 ,124 561,137 788,190 699,97 000,287 699,--,,$7 299,,#REF!,#VALUE!,,#REF!,#VALUE!,0,,"annual-and-sustainability-report-2020, page 159 https://www.volvogroup.com/content/dam/volvo/volvo-group/markets/global/en-en/investors/reports-and-presentations/annual-reports/annual-and-sustainability-report-2020.pdf",$36 800 000 000,$2 100 000 000
216,Altria Group        ,"Food, Drink & Tobacco",United States,154 507 ,147 909,5 227 733,139 868,141 100,280 968,5 189 893,5 470 861,$15 874,$815,#REF!,#REF!,#REF!,#REF!,#REF!,263,$8,"Altria Environmental Data Supplement, page 1, https://www.altria.com/-/media/Project/Altria/Altria/responsibility/environmental-management/Environmental_Management_Website_Data_Supplement.pdf",$20 800 000 000,$4 460 000 000
217,Humana         ,Drugs & Biotechnology,United States,16 513 ,77 247,--,11 946,68 235,80 181,--,,$42 030,,#REF!,#VALUE!,,#REF!,#VALUE!,,,https://www.humana.com/about/corporate/environmental-responsibility,$77 100 000 000,$3 370 000 000
218,Anglo American        ,Materials,United Kingdom,10 880 000 ,6 860 000,--,9 950 000,6 130 000,16 080 000,--,,$129,,#REF!,#VALUE!,,#REF!,#VALUE!,,,"aa-sustainability-report-2020, page 105, https://www.angloamerican.com/~/media/Files/A/Anglo-American-Group/PLC/sustainability/aa-sustainability-report-2020.pdf",$30 800 000 000,$2 070 000 000
219,Netflix         ,Media,United States,56 754 ,29 937,1 314 681,34 042,31 664,65 706,1 124 953,1 190 659,$42 005,$2 318,#REF!,#REF!,#REF!,#REF!,#REF!,48,$23,"2020-SASB-Report, page 5, https://s22.q4cdn.com/959853165/files/doc_downloads/2021/03/2020-SASB-Report_FINAL.pdf",$25 000 000 000,$2 760 000 000
220,HDFC         ,Business Services & Supplies,India,7 716 ,495 709,17 306,7 600,390 000,397 600,16 400,414 000,$5 936,$5 700,#REF!,#REF!,#REF!,#REF!,#REF!,26,$57,https://v1.hdfcbank.com/htdocs/common/2020/July/AR/hdfc-AR/environment.html,$16 200 000 000,$2 360 000 000
221,Qatar National Bank       ,Banking,Qatar,12 692 ,75 934,--,10 376,67 152,77 528,--,,$38 051,,#REF!,#VALUE!,,#REF!,#VALUE!,,,"enSustainability2020, page 38, https://www.qnb.com/sites/qnb/qnbqatar/document/en/enSustainability2020",$13 100 000 000,$2 950 000 000
222,Xiaomi         ,Technology Hardware & Equipment,China,N/A,N/A,N/A,N/A,N/A,,N/A,,,,#VALUE!,#VALUE!,,,#VALUE!,,,https://i01.appmifile.com/webfile/globalimg/0320/TO-B/pdf-file/Xiaomi_Sustainability_2020.pdf,$35 700 000 000,$2 980 000 000
223,Air Liquide        ,Chemicals,France,N/A,N/A,N/A,N/A,N/A,,N/A,,,,#VALUE!,#VALUE!,,,#VALUE!,,,https://www.airliquide.com/sites/airliquide.com/files/2020/11/18/november-2020-air-liquide-esg-presentation.pdf,$23 400 000 000,$2 780 000 000
224,Nordea Bank        ,Banking,Finland,1 638 ,5 394,25 014,1 455,4 793,6 248,9 723,15 971,$404 930,$158 412,#REF!,#REF!,#REF!,#REF!,#REF!,"1,3",$1 584,"annual-report-nordea 2021, page 323 https://www.nordea.com/en/doc/annual-report-nordea-bank-abp-2021.pdf",$12 700 000 000,$2 530 000 000
225,Northrop Grumman        ,Aerospace & Defense,United States,145 156 ,339 904,--,109 741,313 927,423 668,--,,$7 529,,#REF!,#VALUE!,,#REF!,#VALUE!,,,"Northrop-Grumman_2020-SustainabilityReport, page 83, https://www.northropgrumman.com/wp-content/uploads/Northrop-Grumman_2020-SustainabilityReport.pdf",$36 800 000 000,$3 190 000 000
226,ABB         ,Conglomerates,Switzerland,396 000 ,602 000,5 952 000,226 000,336 000,562 000,6 126 000,6 688 000,$9 039,$760,#REF!,#REF!,#REF!,#REF!,#REF!,257,$8,"sustainability-performance-2020-abb, page 122 https://sustainabilityreport.abb.com/2020/servicepages/downloads/files/sustainability-performance-2020-abb-csr20.pdf",$26 000 000 000,$5 080 000 000
227,China Evergrande Group       ,Construction,China,11 451 ,214 323,--,9 735,267 627,277 362,--,,$4 182,,#REF!,#VALUE!,,#REF!,#VALUE!,,,"2019, page 77 https://doc.irasia.com/listco/hk/evergrande/annual/2020/esr.pdf ; 2020, page 92 https://doc.irasia.com/listco/hk/evergrande/annual/2020/esr.pdf",$74 000 000 000,$1 160 000 000
228,Seven & I Holdings      ,Food Markets,Japan,122 391 ,2 853 560,--,111 752,2 657 180,2 768 932,--,,$610,,#REF!,#VALUE!,,#REF!,#VALUE!,,,"Seven & i Holdings Co., Ltd. Sustainability Data Book 2021, page 212 https://www.7andi.com/library/dbps_data/_template_/_res/en/sustainability/sustainabilityreport/2021/pdf/2021_all_01.pdf",$54 400 000 000,$1 690 000 000
229,KB Financial Group       ,Banking,South Korea,18 980 ,111 731,26 761 188,17 861,122 027,139 888,--,,$20 802,,#REF!,#VALUE!,,#REF!,#VALUE!,,,"KBFG_2020_SR, page 87 file:///C:/Users/muham/Downloads/KBFG_2020_SR.pdf",$30 800 000 000,$2 910 000 000
230,Sunac China Holdings       ,Construction,China,N/A,N/A,N/A,N/A,N/A,,N/A,,,,#VALUE!,#VALUE!,,,#VALUE!,,,https://www.sunac.com.cn/upload/file/2020-09-16/fa6ae2b0-577d-4acd-8dc5-30be273888fa.pdf,$34 100 000 000,$5 200 000 000
231,Kroger         ,Food Markets,United States,2 445 526 ,6 826 569,2 175 346,2 284 131,3 018 225,5 302 356,1 655 613,6 957 969,$487,$371,#REF!,#REF!,#REF!,#REF!,#REF!,53,$4,"Kroger-2020-ESG-Report, page 16, https://www.thekrogerco.com/wp-content/uploads/2021/07/Kroger-2020-ESG-Report.pdf ; Kroger-2021-ESG-Report, page 27 https://www.thekrogerco.com/wp-content/uploads/2021/07/Kroger-2021-ESG-Report.pdf",$132 500 000 000,$2 580 000 000
232,"KGaA, Darmstadt, Germany and its affiliates    ",Drugs & Biotechnology,Germany,N/A,N/A,N/A,N/A,N/A,,N/A,,,,#VALUE!,#VALUE!,,,#VALUE!,,,https://www.merckgroup.com/en/news/sustainability-report-2020-04-13.html,,
233,E.ON         ,Utilities,Germany,4 276 967 ,5 313 140,132 574 981,3 924 228,4 490 000,8 414 228,108 210 000,116 624 228,$122,$9,#REF!,#REF!,#REF!,#REF!,#REF!,1 678,$0,"2020 Sustainability Report, page 138, https://www.eon.com/content/dam/eon/eon-com/eon-com-assets/documents/sustainability/en/sustainability-report/2020/EON_2020_Sustainability_Report.pdf",$69 500 000 000,$1 030 000 000
234,PTT         ,Oil & Gas Operations,Thailand,11 637 769 ,204 511,81 862 930,11 049 816,180 782,11 230 598,75 115 542,86 346 140,$107,$14,#REF!,#REF!,#REF!,#REF!,#REF!,1 673,$0,"Final Performance Data report, page 19 https://www.pttplc.com/uploads/Sustainability/2021/02.EN/08.%20Sustainability%20Report/Final%20Performance%20Data%20EN_DJSIrevised170621.pdf",$51 600 000 000,$1 200 000 000
234,Telefónica         ,Telecommunications Services,Spain,229 296 ,657 024,2 699 717,207 872,467 587,675 459,2 146 226,2 821 685,$2 250,$539,#REF!,#REF!,#REF!,#REF!,#REF!,57,$5,"Consolidated Annual Report 2021, page 80, file:///C:/Users/muham/Downloads/consolidated-management-report-2021.pdf",$49 100 000 000,$1 520 000 000
236,National Grid        ,Utilities,United Kingdom,--,--,--,3903000,5205000,,30849000,,,,#REF!,#REF!,,,#REF!,,,"Environmental sustainability, page 59 https://www.nationalgrid.com/document/142021/download",$18 800 000 000,$1 870 000 000
237,HP         ,Technology Hardware & Equipment,United States,61 900 ,153 900,46 570 000,50 600,203 600,254 200,44 720 000,44 974 200,$12 707,$72,#REF!,#REF!,#REF!,#REF!,#REF!,779,$1,"HP 2020 Sustainability Impact Report, page 21, https://h20195.www2.hp.com/v2/GetDocument.aspx?docname=c07539064",$57 700 000 000,$3 230 000 000
238,Danone         ,"Food, Drink & Tobacco",France,722 000 ,588 000,25 869 000,668 000,479 000,1 147 000,24 974 000,26 121 000,$1 927,$85,#REF!,#REF!,#REF!,#REF!,#REF!,971,$1,"3,https://integrated-annual-report-2020.danone.com/wp-content/uploads/Danone-exhaustive-2020-environmental-data.pdf",$26 900 000 000,$2 210 000 000
239,Panasonic         ,Consumer Durables,Japan,440 000 ,2 000 000,74 617 000,390 000,1 930 000,2 320 000,104 291 000,106 611 000,$716,$16,#REF!,#REF!,#REF!,#REF!,#REF!,1 722,$0,"sdb2020 report, page 32, https://www.panasonic.com/global/corporate/sustainability/pdf/sdb2019e.pdf",$61 900 000 000,$1 660 000 000
240,Power Corp of Canada      ,Diversified Financials,Canada,28 940 ,31 124,190 191,18 482,27 371,45 853,163 756,209 609,$33 368,$7 299,#REF!,#REF!,#REF!,#REF!,#REF!,5,$73,"Power Corporation - 2020 ESG Data Supplement, page 5 https://www.powercorporationcsr.com/media/uploads/reports/power_corporation_-_2020_esg_data_supplement_-_final.pdf",$43 900 000 000,$1 530 000 000
241,Mastercard         ,Business Services & Supplies,United States,5 244 ,57 654,554 475,3 550,52 806,56 356,403 603,459 959,$113 741,$13 936,#REF!,#REF!,#REF!,#REF!,#REF!,30,$139,"Mastercard Sustainability Report 2020, page 68, https://www.mastercardcenter.org/content/dam/mc-cig/uploads/mastercard-sustainability-report-2020.pdf",$15 300 000 000,$6 410 000 000
242,Baidu         ,IT Software & Services,China,5 390 ,300 588,19 810,5 974,468 245,474 219,16 621,490 840,$6 896,$6 662,#REF!,#REF!,#REF!,#REF!,#REF!,32,$67,"Baidu 2020 Environmental, Social and Governance Report, page 35 file:///C:/Users/muham/Downloads/Baidu%202020%20Environmental,%20Social%20and%20Governance%20Report.pdf",$15 500 000 000,$3 270 000 000
243,PICC         ,Insurance,China,N/A,N/A,N/A,N/A,N/A,,N/A,,,,#VALUE!,#VALUE!,,,#VALUE!,,,https://property.picc.com/tzzgx/en/gonggaotonghan/2021/202104/P020210415585391053207.pdf,$82 400 000 000,$2 890 000 000
244,Fortum         ,Utilities,Finland,19 100 000 ,77 800,5 809 300,48 800 000,808 600,49 608 600,27 836 400,77 445 000,$42,$27,#REF!,#REF!,#REF!,#REF!,#REF!,1 385,$0,"Fortum Sustainability 2020, page 37,38 https://www.fortum.com/files/fortum-sustainability-2020/download",$55 900 000 000,$2 080 000 000
245,Fresenius         ,Health Care Equipment & Services,Germany,517 000 ,993 000,--,537 000,984 000,1 521 000,--,,$1 282,,#REF!,#VALUE!,,#REF!,#VALUE!,,,"Fresenius Annual Report 2020, page 176 https://annualreport.fresenius.com/wp-content/uploads/sites/6/2021/03/Fresenius_Annual_Report_2020.pdf",$41 400 000 000,$1 950 000 000
246,Dow         ,Chemicals,United States,29 982 867 ,12 423 048,103 553 944,28 200 000,4 900 000,33 100 000,69 256 630,102 356 630,$37,$12,#REF!,#REF!,#REF!,#REF!,#REF!,2 659,$0,"2020 Environmental, Social and Governance Report, page 180 https://corporate.dow.com/documents/about/066-00338-01-2020-esg-report.pdf",$38 500 000 000,$1 220 000 000
247,Archer Daniels Midland       ,"Food, Drink & Tobacco",United States,14 800 000 ,3 000 000,--,13 500 000,2 700 000,16 200 000,41 667 367,57 867 367,$109,$31,#REF!,#REF!,#REF!,#REF!,#REF!,899,$0,"2020-Corporate-Sustainability-Report, page 27 https://assets.adm.com/Sustainability/2020-Corporate-Sustainability-Report_210521_121113.pdf",$64 400 000 000,$1 770 000 000
248,Shinhan Financial Group       ,Diversified Financials,South Korea,14 086 ,76 108,--,13 796,77 081,90 877,--,,$31 031,,#REF!,#VALUE!,,#REF!,#VALUE!,,,"2020 ESG Report, Page 31 http://www.shinhangroup.com/kr/common/download/commonDownload.jsp?actionValue=PDF&pathKey=CSRREPORT&fileName=SFG_2020_ESG_Report_eng.pdf",$22 900 000 000,$2 820 000 000
249,ASML Holding        ,Semiconductors,Netherlands,16 900 ,141 400,6 500 000,15 400,139 800,155 200,8 400 000,8 555 200,$26 095,$473,#REF!,#REF!,#REF!,#REF!,#REF!,538,$5,"ASML Annual Report US GAAP 2021, page 59 file:///C:/Users/muham/Downloads/ASML%20Annual%20Report%20US%20GAAP%202021%20unsvf2.pdf",$15 900 000 000,$4 050 000 000
250,American Electric        ,Utilities,United States,N/A,N/A,N/A,N/A,N/A,,N/A,,,,#VALUE!,#VALUE!,,,#VALUE!,,,http://www.aepsustainability.com/performance/docs/2020CDPClimateSurvey.pdf,$14 900 000 000,$2 200 000 000
251,Becton Dickinson        ,Health Care Equipment & Services,United States,129 755 ,264 657,2 725 883,128 659,349 138,477 797,2 494 146,2 971 943,$3 349,$538,#REF!,#REF!,#REF!,#REF!,#REF!,163,$5,"BD_Sustainability-report-2020, page 85,86 file:///C:/Users/muham/Downloads/BD_Sustainability-report-2020_EN.pdf",$18 200 000 000,$1 600 000 000
252,Gree Electric Appliances       ,Consumer Durables,China,N/A,N/A,N/A,N/A,N/A,,N/A,,,,#VALUE!,#VALUE!,,,#VALUE!,,,https://global.gree.com/upload/files/2021/7/Gree_Annual_Report_2020_English_Version.PDF,$24 300 000 000,$2 320 000 000
253,LafargeHolcim         ,Construction,Switzerland,121 000 000 ,8 000 000,19 000 000,110 000 000,7 000 000,117 000 000,29 000 000,146 000 000,$15,$12,#REF!,#REF!,#REF!,#REF!,#REF!,5 911,$0,"Sustainability Performance Report 2020, page 5 https://annual-report.lafargeholcim.com/index.php?eID=dumpFile&t=f&f=59&token=f2e58edf877d076d621b7a0cd513318519b29a93",$24 700 000 000,$1 790 000 000